Timestamp,mq2,mq3,mq5,mq6,mq8,mq9,mics_Vred,mics_Vnox,mq214
2024-07-16 14:45:00,175,47,27,135,28,124,32,523,1012
2024-07-16 14:45:01,175,47,27,135,28,124,32,523,1012
2024-07-16 14:45:02,175,46,27,135,28,124,32,523,1012
2024-07-16 14:45:03,175,47,27,135,28,124,32,523,1012
2024-07-16 14:45:05,175,46,27,135,28,124,32,523,1012
2024-07-16 14:45:06,175,47,27,134,28,124,32,523,1012
2024-07-16 14:45:07,175,46,27,134,28,124,32,523,1012
2024-07-16 14:45:08,175,46,27,134,28,124,32,523,1012
2024-07-16 14:45:09,175,46,27,134,28,124,32,523,1011
2024-07-16 14:45:10,175,46,27,134,28,124,32,523,1012
2024-07-16 14:45:11,175,46,27,134,28,124,32,524,1012
2024-07-16 14:45:12,174,46,27,134,28,124,32,524,1012
2024-07-16 14:45:13,174,46,27,134,28,124,32,524,1012
2024-07-16 14:45:14,174,46,27,134,28,124,32,524,1012
2024-07-16 14:45:15,174,46,27,134,28,124,32,523,1012
2024-07-16 14:45:16,174,46,27,134,28,124,32,523,1012
2024-07-16 14:45:17,174,46,27,134,28,124,32,523,1012
2024-07-16 14:45:18,174,46,27,134,28,124,32,524,1012
2024-07-16 14:45:19,174,46,27,134,28,124,32,524,1012
2024-07-16 14:45:20,173,46,27,134,28,124,32,524,1012
2024-07-16 14:45:21,174,46,27,133,28,124,32,524,1012
2024-07-16 14:45:22,173,46,27,133,28,124,33,524,1012
2024-07-16 14:45:23,174,46,27,133,28,124,32,524,1012
2024-07-16 14:45:24,173,46,27,133,28,124,32,524,1012
2024-07-16 14:45:25,173,46,27,133,28,124,32,524,1012
2024-07-16 14:45:26,173,46,27,133,28,124,32,524,1012
2024-07-16 14:45:27,173,46,27,133,28,124,33,524,1012
2024-07-16 14:45:28,173,46,27,134,28,124,33,524,1012
2024-07-16 14:45:29,173,46,27,133,28,124,33,524,1012
2024-07-16 14:45:30,173,46,27,133,28,124,33,524,1012
2024-07-16 14:45:31,174,46,27,133,28,124,34,524,1012
2024-07-16 14:45:32,174,46,27,133,28,124,33,524,1011
2024-07-16 14:45:33,174,46,27,133,28,124,33,524,1012
2024-07-16 14:45:34,173,46,27,133,28,124,33,524,1012
2024-07-16 14:45:35,174,46,27,133,28,125,33,524,1012
2024-07-16 14:45:36,173,47,27,134,28,125,32,524,1011
2024-07-16 14:45:37,174,46,27,134,28,125,32,524,1012
2024-07-16 14:45:38,174,47,27,134,28,125,32,524,1012
2024-07-16 14:45:39,175,46,27,134,28,125,32,524,1012
2024-07-16 14:45:40,176,46,27,134,28,125,32,524,1012
2024-07-16 14:45:41,177,46,27,133,28,126,32,523,1011
2024-07-16 14:45:42,178,46,27,134,28,125,32,523,1012
2024-07-16 14:45:43,178,46,27,133,28,125,32,523,1012
2024-07-16 14:45:44,177,46,27,133,28,125,32,523,1012
2024-07-16 14:45:45,177,46,27,133,28,125,32,523,1012
2024-07-16 14:45:46,177,46,27,133,28,125,32,523,1011
2024-07-16 14:45:47,177,46,27,133,28,125,32,523,1012
2024-07-16 14:45:48,177,46,27,133,28,125,32,523,1011
2024-07-16 14:45:49,176,46,27,133,28,125,32,523,1012
2024-07-16 14:45:50,176,46,27,133,28,125,32,523,1011
2024-07-16 14:45:51,176,46,26,133,28,124,33,523,1012
2024-07-16 14:45:52,176,45,27,133,28,125,33,523,1011
2024-07-16 14:45:53,176,45,27,133,28,124,33,523,1012
2024-07-16 14:45:54,175,46,27,133,28,125,32,523,1011
2024-07-16 14:45:55,175,46,27,133,28,125,32,523,1012
2024-07-16 14:45:56,175,46,27,133,28,125,32,523,1011
2024-07-16 14:45:57,175,45,27,133,28,125,32,523,1012
2024-07-16 14:45:58,175,46,27,133,28,124,32,523,1011
2024-07-16 14:45:59,175,46,27,133,28,125,32,523,1012
2024-07-16 14:46:00,175,46,27,133,28,124,33,523,1012
2024-07-16 14:46:01,175,45,27,133,28,124,33,523,1012
2024-07-16 14:46:02,174,46,27,133,28,124,33,523,1011
2024-07-16 14:46:03,174,45,27,133,28,124,33,523,1011
2024-07-16 14:46:04,174,45,27,133,28,124,33,523,1011
2024-07-16 14:46:05,174,45,27,133,28,124,33,523,1012
2024-07-16 14:46:06,174,45,26,133,28,124,33,523,1012
2024-07-16 14:46:07,174,45,27,133,28,124,33,523,1012
2024-07-16 14:46:08,174,46,27,133,28,124,33,523,1011
2024-07-16 14:46:09,174,45,27,133,28,124,32,523,1012
2024-07-16 14:46:10,174,46,27,133,28,125,32,523,1011
2024-07-16 14:46:11,174,45,26,133,28,124,32,523,1012
2024-07-16 14:46:12,174,45,27,133,28,124,32,523,1012
2024-07-16 14:46:13,174,45,26,133,28,125,32,523,1012
2024-07-16 14:46:14,174,45,26,132,28,124,32,523,1012
2024-07-16 14:46:15,174,45,27,132,28,124,33,523,1012
2024-07-16 14:46:16,173,45,26,132,28,124,34,523,1012
2024-07-16 14:46:17,173,45,27,132,28,124,34,523,1012
2024-07-16 14:46:18,173,45,27,132,28,124,34,523,1011
2024-07-16 14:46:19,173,45,27,133,28,124,34,523,1012
2024-07-16 14:46:20,173,45,26,132,28,124,34,523,1012
2024-07-16 14:46:21,173,45,27,132,28,124,34,523,1012
2024-07-16 14:46:22,173,45,26,132,28,124,34,523,1011
2024-07-16 14:46:23,173,45,27,132,28,124,34,523,1012
2024-07-16 14:46:24,173,45,27,132,28,124,34,523,1012
2024-07-16 14:46:25,173,45,27,132,28,124,35,523,1012
2024-07-16 14:46:26,173,45,27,132,28,124,35,523,1011
2024-07-16 14:46:27,173,45,27,132,28,124,35,523,1012
2024-07-16 14:46:29,173,45,26,132,28,124,35,523,1011
2024-07-16 14:46:30,173,45,26,132,28,124,34,523,1012
2024-07-16 14:46:31,173,45,26,132,28,125,35,523,1012
2024-07-16 14:46:32,173,45,27,132,28,125,34,523,1012
2024-07-16 14:46:33,173,45,26,132,28,125,34,523,1012
2024-07-16 14:46:34,173,45,27,132,28,125,34,523,1012
2024-07-16 14:46:35,174,45,27,132,28,125,34,523,1012
2024-07-16 14:46:36,174,45,26,132,28,125,33,522,1012
2024-07-16 14:46:37,174,45,27,132,28,125,33,522,1011
2024-07-16 14:46:38,174,45,26,132,28,125,33,522,1012
2024-07-16 14:46:39,174,45,27,132,28,125,33,522,1011
2024-07-16 14:46:40,174,45,26,132,28,125,33,522,1012
2024-07-16 14:46:41,174,45,27,132,28,125,34,522,1012
2024-07-16 14:46:42,174,45,27,132,28,125,35,522,1011
2024-07-16 14:46:43,174,45,27,132,28,125,35,522,1012
2024-07-16 14:46:44,174,45,26,132,28,125,35,522,1011
2024-07-16 14:46:45,174,45,27,132,28,125,35,522,1012
2024-07-16 14:46:46,174,45,27,132,28,125,35,522,1011
2024-07-16 14:46:47,174,45,26,132,28,125,36,522,1012
2024-07-16 14:46:48,174,45,26,132,28,125,35,521,1012
2024-07-16 14:46:49,174,45,27,133,28,125,35,521,1012
2024-07-16 14:46:50,174,45,27,133,28,125,35,521,1012
2024-07-16 14:46:51,174,45,27,133,28,125,35,521,1012
2024-07-16 14:46:52,174,45,26,133,28,125,35,521,1012
2024-07-16 14:46:53,174,45,27,133,28,125,35,521,1012
2024-07-16 14:46:54,174,45,27,133,28,125,35,521,1012
2024-07-16 14:46:55,174,45,27,133,28,125,35,521,1012
2024-07-16 14:46:56,174,45,27,133,28,125,35,521,1012
2024-07-16 14:46:57,174,45,26,133,28,125,35,521,1012
2024-07-16 14:46:58,174,45,27,132,28,125,35,521,1012
2024-07-16 14:46:59,174,45,27,133,28,124,35,521,1012
2024-07-16 14:47:00,174,45,27,133,28,125,35,521,1012
2024-07-16 14:47:01,174,45,27,133,28,125,35,521,1012
2024-07-16 14:47:02,174,45,27,133,28,125,35,521,1012
2024-07-16 14:47:03,174,45,26,133,28,125,35,521,1012
2024-07-16 14:47:04,174,45,27,133,28,124,34,521,1012
2024-07-16 14:47:05,173,45,27,133,28,125,34,521,1012
2024-07-16 14:47:06,174,45,26,133,28,125,34,521,1012
2024-07-16 14:47:07,173,45,26,133,28,124,34,521,1012
2024-07-16 14:47:08,173,45,27,133,28,124,34,521,1012
2024-07-16 14:47:09,173,45,26,133,28,124,34,521,1012
2024-07-16 14:47:10,174,45,27,133,28,124,34,521,1012
2024-07-16 14:47:11,174,45,26,133,28,125,34,521,1012
2024-07-16 14:47:12,174,45,27,132,28,125,34,521,1012
2024-07-16 14:47:13,174,45,26,133,28,125,34,521,1012
2024-07-16 14:47:14,174,45,27,132,28,125,34,521,1012
2024-07-16 14:47:15,174,45,27,132,28,125,34,521,1012
2024-07-16 14:47:16,174,45,26,132,28,124,35,521,1012
2024-07-16 14:47:17,174,45,27,132,28,125,35,521,1012
2024-07-16 14:47:18,174,45,27,132,28,125,35,521,1012
2024-07-16 14:47:19,174,45,27,132,28,125,34,521,1012
2024-07-16 14:47:20,173,45,26,132,28,125,35,521,1012
2024-07-16 14:47:21,173,45,27,132,28,124,35,521,1012
2024-07-16 14:47:22,173,45,26,132,28,124,34,521,1012
2024-07-16 14:47:23,173,45,27,132,28,124,34,521,1012
2024-07-16 14:47:24,173,45,26,132,28,124,33,521,1012
2024-07-16 14:47:25,173,45,27,132,28,124,33,521,1012
2024-07-16 14:47:26,173,45,27,132,28,124,33,521,1012
2024-07-16 14:47:27,173,45,26,132,28,124,33,521,1012
2024-07-16 14:47:28,173,45,27,132,28,124,32,521,1012
2024-07-16 14:47:29,172,45,27,132,28,124,32,521,1012
2024-07-16 14:47:30,172,45,26,132,28,124,32,521,1012
2024-07-16 14:47:31,172,45,26,132,28,124,34,521,1012
2024-07-16 14:47:32,172,45,26,132,28,124,33,521,1012
2024-07-16 14:47:33,172,45,26,132,28,124,33,521,1012
2024-07-16 14:47:34,172,45,26,132,28,124,33,521,1012
2024-07-16 14:47:35,172,45,26,132,28,124,33,521,1011
2024-07-16 14:47:36,172,45,26,132,28,124,33,521,1012
2024-07-16 14:47:37,172,45,26,132,28,124,33,521,1012
2024-07-16 14:47:38,172,44,26,132,28,124,33,521,1012
2024-07-16 14:47:39,172,45,26,132,28,124,33,521,1012
2024-07-16 14:47:40,172,45,26,132,28,124,33,520,1011
2024-07-16 14:47:41,172,45,26,132,28,124,32,520,1012
2024-07-16 14:47:42,172,44,26,132,28,124,33,520,1012
2024-07-16 14:47:43,172,45,26,132,28,124,32,520,1012
2024-07-16 14:47:44,171,44,26,132,28,123,33,520,1012
2024-07-16 14:47:45,171,45,26,132,28,123,33,520,1012
2024-07-16 14:47:46,171,44,26,132,28,123,33,520,1012
2024-07-16 14:47:47,171,45,26,132,28,124,33,520,1011
2024-07-16 14:47:48,171,44,26,131,28,124,33,520,1012
2024-07-16 14:47:49,171,44,26,132,28,124,33,520,1011
2024-07-16 14:47:50,171,44,26,132,28,124,33,520,1011
2024-07-16 14:47:51,171,45,26,132,28,123,34,520,1012
2024-07-16 14:47:53,171,44,26,132,28,123,33,520,1011
2024-07-16 14:47:54,171,45,26,132,28,124,33,520,1012
2024-07-16 14:47:55,171,45,26,131,28,124,33,520,1011
2024-07-16 14:47:56,171,45,26,132,28,123,33,520,1012
2024-07-16 14:47:57,171,45,26,132,28,124,33,520,1012
2024-07-16 14:47:58,171,44,27,132,28,124,33,520,1012
2024-07-16 14:47:59,171,45,26,132,28,124,33,520,1011
2024-07-16 14:48:00,171,45,26,132,28,124,33,520,1012
2024-07-16 14:48:01,171,44,26,132,28,124,32,520,1011
2024-07-16 14:48:02,171,44,26,132,28,124,32,520,1012
2024-07-16 14:48:03,171,44,26,132,28,124,33,520,1011
2024-07-16 14:48:04,171,44,26,132,28,124,33,520,1012
2024-07-16 14:48:05,171,44,26,131,28,124,33,520,1011
2024-07-16 14:48:06,171,44,26,131,28,124,32,520,1012
2024-07-16 14:48:07,171,44,26,131,28,124,32,520,1012
2024-07-16 14:48:08,171,44,26,131,28,124,32,520,1012
2024-07-16 14:48:09,171,44,26,131,28,124,32,520,1011
2024-07-16 14:48:10,171,44,26,131,28,124,32,520,1012
2024-07-16 14:48:11,171,44,26,131,28,124,32,520,1011
2024-07-16 14:48:12,171,44,26,131,28,124,32,520,1012
2024-07-16 14:48:13,171,44,26,131,28,124,32,520,1011
2024-07-16 14:48:14,171,44,26,131,28,123,32,520,1012
2024-07-16 14:48:15,171,44,26,131,28,124,32,520,1011
2024-07-16 14:48:16,170,44,26,131,28,123,32,519,1012
2024-07-16 14:48:17,170,44,26,131,28,123,32,519,1012
2024-07-16 14:48:18,170,44,26,131,28,123,32,519,1012
2024-07-16 14:48:19,170,44,26,131,28,123,32,519,1011
2024-07-16 14:48:20,170,44,26,131,28,123,32,519,1012
2024-07-16 14:48:21,170,44,26,131,28,123,32,519,1012
2024-07-16 14:48:22,170,44,26,131,28,124,32,519,1012
2024-07-16 14:48:23,170,44,26,131,28,123,32,519,1012
2024-07-16 14:48:24,170,44,26,131,28,123,32,519,1012
2024-07-16 14:48:25,170,44,26,131,28,123,32,519,1012
2024-07-16 14:48:26,170,44,26,131,28,123,32,519,1012
2024-07-16 14:48:27,170,44,26,131,28,124,32,519,1011
2024-07-16 14:48:28,170,44,26,131,28,123,32,519,1012
2024-07-16 14:48:29,170,44,26,131,28,124,32,519,1012
2024-07-16 14:48:30,170,44,26,131,28,123,32,519,1012
2024-07-16 14:48:31,170,44,26,131,28,124,32,519,1011
2024-07-16 14:48:32,170,44,26,131,28,124,32,519,1012
2024-07-16 14:48:33,170,44,26,131,28,123,32,520,1012
2024-07-16 14:48:34,170,44,26,131,28,123,32,520,1012
2024-07-16 14:48:35,170,44,26,131,28,123,32,519,1011
2024-07-16 14:48:36,170,44,26,131,28,123,31,520,1012
2024-07-16 14:48:37,170,44,26,131,28,123,31,520,1012
2024-07-16 14:48:38,170,44,26,131,28,123,32,520,1012
2024-07-16 14:48:39,170,44,26,131,28,123,32,520,1011
2024-07-16 14:48:40,170,44,26,131,28,123,32,520,1012
2024-07-16 14:48:41,170,44,26,131,28,123,31,520,1011
2024-07-16 14:48:42,170,44,26,131,28,123,32,520,1012
2024-07-16 14:48:43,170,44,26,131,28,123,31,520,1012
2024-07-16 14:48:44,169,44,26,131,28,123,31,520,1012
2024-07-16 14:48:45,169,43,26,131,28,123,31,520,1012
2024-07-16 14:48:46,169,44,26,130,28,123,32,520,1011
2024-07-16 14:48:47,169,43,26,131,28,123,32,520,1012
2024-07-16 14:48:48,169,44,26,130,28,123,32,520,1012
2024-07-16 14:48:49,169,43,26,130,28,123,32,520,1012
2024-07-16 14:48:50,169,43,26,130,28,123,32,520,1012
2024-07-16 14:48:51,169,43,26,130,28,123,32,520,1012
2024-07-16 14:48:52,169,43,26,130,28,123,32,520,1012
2024-07-16 14:48:53,169,43,26,130,28,123,32,520,1012
2024-07-16 14:48:54,169,43,26,130,28,123,32,520,1012
2024-07-16 14:48:55,169,43,26,130,28,123,32,521,1012
2024-07-16 14:48:56,169,43,26,130,28,123,32,521,1012
2024-07-16 14:48:57,169,43,26,130,28,123,32,521,1012
2024-07-16 14:48:58,169,43,26,130,28,123,32,521,1012
2024-07-16 14:48:59,168,43,26,130,28,123,32,521,1012
2024-07-16 14:49:00,169,43,26,130,28,123,32,521,1012
2024-07-16 14:49:01,168,43,26,130,28,123,32,521,1012
2024-07-16 14:49:02,169,43,26,130,28,123,32,521,1012
2024-07-16 14:49:03,168,43,26,130,28,123,32,520,1011
2024-07-16 14:49:04,168,43,26,130,28,123,32,520,1011
2024-07-16 14:49:05,168,43,26,130,28,123,32,520,1012
2024-07-16 14:49:06,168,43,26,130,28,123,32,520,1011
2024-07-16 14:49:07,168,43,26,130,28,123,32,520,1012
2024-07-16 14:49:08,168,43,26,130,28,123,32,520,1012
2024-07-16 14:49:09,168,43,26,130,28,123,32,520,1012
2024-07-16 14:49:10,168,43,26,130,28,123,32,520,1012
2024-07-16 14:49:11,168,43,26,130,28,123,32,520,1012
2024-07-16 14:49:12,168,43,26,130,28,123,32,520,1012
2024-07-16 14:49:13,168,43,26,130,28,123,32,520,1012
2024-07-16 14:49:14,168,43,26,130,28,123,32,520,1012
2024-07-16 14:49:16,168,43,26,130,28,122,32,520,1012
2024-07-16 14:49:17,168,43,26,130,28,122,32,520,1012
2024-07-16 14:49:18,167,43,26,130,28,122,32,520,1012
2024-07-16 14:49:19,168,43,26,130,28,122,32,520,1012
2024-07-16 14:49:20,168,43,26,130,28,122,32,520,1012
2024-07-16 14:49:21,167,43,26,130,28,122,31,520,1012
2024-07-16 14:49:22,167,43,26,130,28,122,31,520,1012
2024-07-16 14:49:23,167,43,26,130,28,123,31,520,1012
2024-07-16 14:49:24,167,43,26,130,28,122,32,520,1012
2024-07-16 14:49:25,168,43,26,130,28,122,32,520,1012
2024-07-16 14:49:26,167,43,26,130,28,122,32,520,1011
2024-07-16 14:49:27,167,43,26,130,28,122,32,520,1012
2024-07-16 14:49:28,167,43,26,130,28,122,32,520,1012
2024-07-16 14:49:29,167,43,26,130,28,122,32,520,1011
2024-07-16 14:49:30,167,43,26,130,28,122,32,521,1012
2024-07-16 14:49:31,167,43,26,130,28,122,32,521,1012
2024-07-16 14:49:32,167,43,26,130,28,122,32,521,1012
2024-07-16 14:49:33,167,43,26,130,28,122,32,521,1012
2024-07-16 14:49:34,167,43,26,130,28,122,32,521,1012
2024-07-16 14:49:35,167,43,26,130,28,122,32,521,1012
2024-07-16 14:49:36,167,43,26,129,28,123,32,521,1012
2024-07-16 14:49:37,167,43,26,130,28,122,32,521,1012
2024-07-16 14:49:38,167,43,26,129,28,122,32,521,1012
2024-07-16 14:49:39,167,43,26,129,28,122,32,520,1012
2024-07-16 14:49:40,167,43,26,129,28,122,32,520,1012
2024-07-16 14:49:41,167,43,26,129,28,122,32,520,1012
2024-07-16 14:49:42,167,43,26,129,28,123,32,520,1012
2024-07-16 14:49:43,167,43,26,130,28,122,32,520,1012
2024-07-16 14:49:44,167,43,26,129,28,122,32,520,1012
2024-07-16 14:49:45,167,43,26,129,28,122,32,520,1012
2024-07-16 14:49:46,167,43,26,129,28,122,32,520,1012
2024-07-16 14:49:47,167,43,26,129,28,122,32,520,1012
2024-07-16 14:49:48,167,43,26,129,28,122,32,520,1011
2024-07-16 14:49:49,167,43,26,129,28,122,32,520,1012
2024-07-16 14:49:50,167,43,26,129,28,122,32,520,1012
2024-07-16 14:49:51,167,43,26,129,28,122,32,520,1012
2024-07-16 14:49:52,166,43,26,129,28,122,32,520,1012
2024-07-16 14:49:53,166,43,26,129,28,122,32,520,1012
2024-07-16 14:49:54,167,43,26,130,28,122,32,520,1012
2024-07-16 14:49:55,167,42,26,129,28,122,32,520,1012
2024-07-16 14:49:56,167,43,26,129,28,122,32,520,1012
2024-07-16 14:49:57,167,43,26,129,28,122,32,520,1012
2024-07-16 14:49:58,167,43,26,129,28,122,32,520,1012
2024-07-16 14:49:59,167,43,26,129,28,122,32,520,1012
2024-07-16 14:50:00,167,43,26,129,28,122,32,520,1011
2024-07-16 14:50:01,167,43,26,129,28,122,32,520,1012
2024-07-16 14:50:02,167,43,26,129,28,122,32,520,1012
2024-07-16 14:50:03,167,43,26,129,28,122,32,520,1012
2024-07-16 14:50:04,167,43,26,129,28,122,33,520,1012
2024-07-16 14:50:05,167,43,26,129,28,122,33,521,1011
2024-07-16 14:50:06,167,43,26,129,28,122,32,521,1012
2024-07-16 14:50:07,167,43,26,129,28,122,33,520,1011
2024-07-16 14:50:08,167,43,26,129,28,122,32,520,1012
2024-07-16 14:50:09,167,43,26,129,28,122,33,520,1011
2024-07-16 14:50:10,166,43,26,129,28,122,32,521,1012
2024-07-16 14:50:11,166,43,26,129,28,122,33,520,1012
2024-07-16 14:50:12,167,42,26,129,28,123,33,520,1011
2024-07-16 14:50:13,167,43,26,130,28,122,33,520,1012
2024-07-16 14:50:14,167,42,26,129,28,122,33,520,1012
2024-07-16 14:50:15,167,43,26,129,28,123,33,520,1011
2024-07-16 14:50:16,167,43,26,129,28,122,33,520,1012
2024-07-16 14:50:17,167,43,26,129,28,123,33,520,1011
2024-07-16 14:50:18,167,43,26,129,28,122,32,520,1012
2024-07-16 14:50:19,167,43,26,129,28,122,32,520,1012
2024-07-16 14:50:20,167,43,26,129,28,122,32,520,1012
2024-07-16 14:50:21,167,43,26,129,28,122,32,520,1012
2024-07-16 14:50:22,167,43,26,129,28,122,33,520,1012
2024-07-16 14:50:23,167,43,26,129,28,122,33,520,1012
2024-07-16 14:50:24,167,43,26,129,28,122,33,520,1011
2024-07-16 14:50:25,166,43,26,129,28,122,33,520,1012
2024-07-16 14:50:26,166,43,26,129,28,122,33,520,1012
2024-07-16 14:50:27,166,43,26,129,28,122,33,520,1012
2024-07-16 14:50:28,166,43,26,129,28,122,33,520,1012
2024-07-16 14:50:29,166,43,26,129,28,122,33,520,1012
2024-07-16 14:50:30,167,43,26,130,28,122,33,520,1012
2024-07-16 14:50:31,167,43,26,129,28,122,33,520,1012
2024-07-16 14:50:32,167,43,26,129,28,122,33,520,1012
2024-07-16 14:50:33,166,43,26,129,28,122,32,519,1012
2024-07-16 14:50:34,166,43,26,129,28,123,32,520,1012
2024-07-16 14:50:35,167,43,26,129,28,122,32,519,1012
2024-07-16 14:50:36,166,43,26,129,28,122,32,519,1012
2024-07-16 14:50:37,166,43,26,129,28,122,33,520,1012
2024-07-16 14:50:38,166,42,26,129,28,122,32,519,1012
2024-07-16 14:50:40,166,43,26,129,28,122,33,519,1012
2024-07-16 14:50:41,167,43,26,129,28,122,32,519,1012
2024-07-16 14:50:42,166,43,26,129,28,122,32,519,1011
2024-07-16 14:50:43,166,43,26,129,28,122,32,519,1012
2024-07-16 14:50:44,166,43,26,129,28,122,32,519,1012
2024-07-16 14:50:45,166,42,26,129,28,122,32,519,1012
2024-07-16 14:50:46,166,43,26,129,28,122,32,519,1012
2024-07-16 14:50:47,166,43,26,129,28,122,32,519,1012
2024-07-16 14:50:48,166,42,26,130,28,122,31,519,1012
2024-07-16 14:50:49,166,42,26,129,28,122,32,519,1012
2024-07-16 14:50:50,166,42,26,129,28,122,32,520,1012
2024-07-16 14:50:51,166,42,26,129,28,122,32,520,1012
2024-07-16 14:50:52,166,42,26,129,28,122,32,520,1012
2024-07-16 14:50:53,166,42,26,129,28,122,32,520,1012
2024-07-16 14:50:54,166,42,26,129,28,122,32,520,1012
2024-07-16 14:50:55,166,42,26,129,28,122,32,520,1012
2024-07-16 14:50:56,166,42,26,129,28,122,32,520,1012
2024-07-16 14:50:57,166,42,26,129,28,122,31,520,1012
2024-07-16 14:50:58,166,42,26,129,28,122,31,520,1012
2024-07-16 14:50:59,165,42,26,129,28,122,31,520,1011
2024-07-16 14:51:00,165,42,26,129,28,122,31,520,1012
2024-07-16 14:51:01,165,43,26,129,28,122,32,520,1011
2024-07-16 14:51:02,165,42,26,129,28,122,32,520,1012
2024-07-16 14:51:03,165,42,26,129,28,122,31,520,1012
2024-07-16 14:51:04,165,42,26,129,28,122,32,520,1012
2024-07-16 14:51:05,165,42,26,129,28,122,32,520,1012
2024-07-16 14:51:06,165,42,26,129,28,122,32,520,1012
2024-07-16 14:51:07,165,42,26,129,28,122,31,520,1012
2024-07-16 14:51:08,165,42,26,129,28,122,32,520,1012
2024-07-16 14:51:09,165,42,26,129,28,122,32,520,1012
2024-07-16 14:51:10,165,42,26,129,28,122,32,520,1012
2024-07-16 14:51:11,165,42,26,129,28,122,32,520,1011
2024-07-16 14:51:12,165,42,26,128,28,122,32,520,1012
2024-07-16 14:51:13,165,42,26,129,28,122,32,520,1012
2024-07-16 14:51:14,165,42,26,129,28,122,32,520,1012
2024-07-16 14:51:15,165,42,26,129,28,122,32,520,1012
2024-07-16 14:51:16,165,42,26,129,28,122,32,520,1012
2024-07-16 14:51:17,165,42,26,128,28,122,31,520,1012
2024-07-16 14:51:18,165,42,26,129,28,122,31,520,1012
2024-07-16 14:51:19,165,42,26,129,28,122,30,520,1012
2024-07-16 14:51:20,165,42,26,129,28,122,31,520,1012
2024-07-16 14:51:21,165,42,26,129,28,122,31,519,1012
2024-07-16 14:51:22,164,42,26,129,28,122,31,519,1012
2024-07-16 14:51:23,164,42,26,128,28,122,31,519,1012
2024-07-16 14:51:24,164,42,26,129,28,122,31,519,1012
2024-07-16 14:51:25,164,42,25,128,28,122,31,519,1012
2024-07-16 14:51:26,164,42,26,128,28,121,31,519,1012
2024-07-16 14:51:27,164,42,26,128,28,121,31,519,1012
2024-07-16 14:51:28,164,42,26,128,28,121,31,519,1012
2024-07-16 14:51:29,164,42,26,128,28,121,31,518,1012
2024-07-16 14:51:30,164,42,26,128,28,121,31,519,1011
2024-07-16 14:51:31,164,42,26,128,28,121,31,518,1012
2024-07-16 14:51:32,164,42,26,128,28,121,31,518,1012
2024-07-16 14:51:33,164,42,26,128,28,121,31,518,1012
2024-07-16 14:51:34,164,42,26,128,28,121,32,518,1012
2024-07-16 14:51:35,164,42,26,128,28,122,31,518,1012
2024-07-16 14:51:36,164,42,26,128,28,121,31,518,1012
2024-07-16 14:51:37,164,42,25,128,28,122,31,518,1012
2024-07-16 14:51:38,164,42,26,128,28,121,31,518,1012
2024-07-16 14:51:39,164,42,25,128,28,121,31,518,1012
2024-07-16 14:51:40,164,42,26,128,28,121,32,518,1012
2024-07-16 14:51:41,164,42,26,128,28,121,32,518,1012
2024-07-16 14:51:42,163,42,26,128,28,121,32,518,1012
2024-07-16 14:51:43,164,42,26,128,28,121,31,518,1012
2024-07-16 14:51:44,163,42,26,128,28,121,31,518,1012
2024-07-16 14:51:45,163,42,26,128,28,121,31,518,1012
2024-07-16 14:51:46,164,42,25,128,28,121,31,518,1012
2024-07-16 14:51:47,163,42,25,128,28,121,31,518,1012
2024-07-16 14:51:48,163,42,25,128,28,121,31,518,1012
2024-07-16 14:51:49,163,42,25,128,28,121,31,518,1012
2024-07-16 14:51:50,163,42,25,128,28,121,31,518,1012
2024-07-16 14:51:51,163,42,25,128,28,121,31,518,1012
2024-07-16 14:51:52,163,42,26,128,28,121,31,518,1012
2024-07-16 14:51:53,163,42,26,128,28,121,31,518,1012
2024-07-16 14:51:54,163,42,25,128,28,121,31,518,1012
2024-07-16 14:51:55,163,42,26,128,28,121,31,518,1012
2024-07-16 14:51:56,163,42,25,128,28,121,31,518,1012
2024-07-16 14:51:57,163,42,26,128,28,121,31,518,1012
2024-07-16 14:51:58,163,42,25,128,28,121,31,518,1012
2024-07-16 14:51:59,162,42,25,128,28,121,31,518,1012
2024-07-16 14:52:00,163,42,26,128,28,121,31,518,1011
2024-07-16 14:52:01,162,42,26,128,28,121,31,518,1011
2024-07-16 14:52:02,163,42,26,128,28,121,31,518,1012
2024-07-16 14:52:04,162,42,26,128,28,121,31,518,1012
2024-07-16 14:52:05,163,42,26,128,28,121,30,517,1011
2024-07-16 14:52:06,162,42,26,128,28,121,30,517,1012
2024-07-16 14:52:07,163,42,26,128,28,121,30,517,1011
2024-07-16 14:52:08,163,42,25,128,28,121,31,517,1011
2024-07-16 14:52:09,162,41,25,128,28,121,31,517,1012
2024-07-16 14:52:10,162,42,25,128,28,121,31,517,1012
2024-07-16 14:52:11,162,41,25,128,28,121,30,517,1012
2024-07-16 14:52:12,162,42,25,128,28,121,30,517,1011
2024-07-16 14:52:13,162,41,25,128,28,121,30,517,1012
2024-07-16 14:52:14,162,42,25,128,28,121,30,517,1011
2024-07-16 14:52:15,162,41,25,128,28,121,31,517,1012
2024-07-16 14:52:16,162,42,25,128,28,121,30,517,1011
2024-07-16 14:52:17,162,41,25,128,28,121,30,517,1012
2024-07-16 14:52:18,162,41,25,128,28,121,30,517,1011
2024-07-16 14:52:19,162,41,25,128,28,121,30,517,1012
2024-07-16 14:52:20,162,41,25,128,28,121,30,517,1012
2024-07-16 14:52:21,162,41,25,128,28,121,30,517,1012
2024-07-16 14:52:22,162,41,26,128,28,121,30,517,1011
2024-07-16 14:52:23,162,41,25,128,28,121,30,517,1012
2024-07-16 14:52:24,162,41,26,128,28,120,30,517,1012
2024-07-16 14:52:25,162,41,25,128,28,121,30,517,1012
2024-07-16 14:52:26,162,42,25,128,28,121,30,517,1012
2024-07-16 14:52:27,161,41,25,128,28,121,30,517,1012
2024-07-16 14:52:28,161,41,25,128,28,121,30,516,1012
2024-07-16 14:52:29,161,41,26,128,28,121,30,517,1011
2024-07-16 14:52:30,161,41,25,128,28,120,30,516,1012
2024-07-16 14:52:31,161,41,25,128,28,120,30,516,1012
2024-07-16 14:52:32,161,41,25,128,28,120,30,517,1012
2024-07-16 14:52:33,161,41,25,128,28,120,30,516,1012
2024-07-16 14:52:34,161,41,25,128,28,120,30,516,1012
2024-07-16 14:52:35,161,41,25,128,28,120,30,517,1012
2024-07-16 14:52:36,161,41,25,128,28,121,30,517,1012
2024-07-16 14:52:37,161,41,25,128,28,120,30,517,1012
2024-07-16 14:52:38,161,41,25,128,28,120,30,517,1012
2024-07-16 14:52:39,161,41,25,128,28,120,30,517,1012
2024-07-16 14:52:40,161,41,25,128,28,120,30,517,1012
2024-07-16 14:52:41,160,41,25,128,28,120,30,517,1012
2024-07-16 14:52:42,160,41,25,128,28,120,30,516,1011
2024-07-16 14:52:43,160,41,25,128,28,120,30,516,1012
2024-07-16 14:52:44,160,41,25,128,28,120,30,516,1012
2024-07-16 14:52:45,160,41,25,128,28,120,30,516,1012
2024-07-16 14:52:46,160,41,26,128,28,120,30,516,1012
2024-07-16 14:52:47,160,41,25,128,28,120,30,516,1012
2024-07-16 14:52:48,160,41,25,128,28,120,30,516,1012
2024-07-16 14:52:49,160,41,25,128,28,120,30,516,1012
2024-07-16 14:52:50,160,41,25,128,28,120,30,516,1012
2024-07-16 14:52:51,160,41,25,128,28,120,30,516,1012
2024-07-16 14:52:52,160,41,25,127,28,120,30,516,1012
2024-07-16 14:52:53,160,41,25,128,28,120,30,516,1012
2024-07-16 14:52:54,160,41,25,128,28,120,30,516,1012
2024-07-16 14:52:55,160,41,25,128,28,120,30,516,1012
2024-07-16 14:52:56,160,41,25,128,28,120,30,516,1012
2024-07-16 14:52:57,160,41,25,127,28,120,30,516,1012
2024-07-16 14:52:58,160,41,25,128,28,120,30,516,1012
2024-07-16 14:52:59,160,41,25,127,28,120,30,515,1011
2024-07-16 14:53:00,160,41,25,127,28,120,30,516,1012
2024-07-16 14:53:01,159,41,25,127,28,120,30,515,1012
2024-07-16 14:53:02,160,41,25,127,28,120,30,516,1012
2024-07-16 14:53:03,160,41,25,127,28,120,31,516,1012
2024-07-16 14:53:04,160,41,25,127,28,120,30,516,1012
2024-07-16 14:53:05,159,41,25,127,28,120,30,516,1011
2024-07-16 14:53:06,159,41,25,127,28,120,30,516,1012
2024-07-16 14:53:07,159,41,25,127,28,120,30,516,1011
2024-07-16 14:53:08,159,41,25,127,28,120,30,516,1012
2024-07-16 14:53:09,159,41,25,127,28,120,30,516,1011
2024-07-16 14:53:10,159,41,25,127,28,120,30,516,1012
2024-07-16 14:53:11,159,41,25,127,28,120,30,516,1012
2024-07-16 14:53:12,159,40,25,127,28,120,30,516,1012
2024-07-16 14:53:13,159,41,25,127,28,120,31,516,1011
2024-07-16 14:53:14,159,41,25,127,28,120,30,516,1012
2024-07-16 14:53:15,159,41,25,127,28,120,30,516,1011
2024-07-16 14:53:16,159,41,25,127,28,120,30,515,1012
2024-07-16 14:53:17,159,41,25,127,28,120,30,515,1012
2024-07-16 14:53:18,159,41,25,127,28,120,30,516,1012
2024-07-16 14:53:19,158,41,25,127,28,120,30,515,1012
2024-07-16 14:53:20,158,41,25,127,28,119,30,516,1012
2024-07-16 14:53:21,159,41,25,127,28,119,30,515,1012
2024-07-16 14:53:22,158,41,25,127,28,119,30,515,1012
2024-07-16 14:53:23,158,41,25,127,28,119,30,515,1012
2024-07-16 14:53:24,158,41,25,127,28,119,30,515,1012
2024-07-16 14:53:25,158,41,25,127,28,119,30,515,1012
2024-07-16 14:53:27,158,41,25,127,28,119,30,515,1012
2024-07-16 14:53:28,158,41,25,127,28,119,30,515,1012
2024-07-16 14:53:29,158,41,25,126,28,119,30,515,1012
2024-07-16 14:53:30,158,40,25,127,28,119,30,515,1012
2024-07-16 14:53:31,157,41,25,126,28,119,30,515,1012
2024-07-16 14:53:32,157,41,25,127,28,119,30,515,1011
2024-07-16 14:53:33,157,40,25,126,28,119,30,516,1012
2024-07-16 14:53:34,157,41,25,126,28,119,30,515,1012
2024-07-16 14:53:35,157,41,25,126,28,119,30,516,1012
2024-07-16 14:53:36,158,40,25,126,28,119,30,516,1012
2024-07-16 14:53:37,157,40,25,126,28,119,31,516,1011
2024-07-16 14:53:38,157,40,25,126,28,119,30,516,1012
2024-07-16 14:53:39,157,40,25,126,28,119,31,516,1012
2024-07-16 14:53:40,157,40,25,126,28,119,31,516,1012
2024-07-16 14:53:41,157,40,25,126,28,119,31,516,1012
2024-07-16 14:53:42,157,40,25,126,28,120,31,516,1012
2024-07-16 14:53:43,157,40,25,126,28,119,31,516,1012
2024-07-16 14:53:44,157,40,25,126,28,119,31,516,1012
2024-07-16 14:53:45,157,40,25,126,28,119,31,516,1012
2024-07-16 14:53:46,157,40,25,126,28,119,31,516,1012
2024-07-16 14:53:47,157,40,25,126,28,119,31,516,1012
2024-07-16 14:53:48,157,40,25,126,28,119,31,516,1012
2024-07-16 14:53:49,157,40,25,126,28,119,31,517,1011
2024-07-16 14:53:50,157,40,25,126,28,119,30,516,1012
2024-07-16 14:53:51,157,41,25,126,28,119,31,517,1012
2024-07-16 14:53:52,157,40,25,126,28,119,30,516,1012
2024-07-16 14:53:53,157,40,25,126,28,119,30,516,1011
2024-07-16 14:53:54,157,40,25,126,28,120,30,516,1011
2024-07-16 14:53:55,157,40,25,126,28,119,30,516,1012
2024-07-16 14:53:56,157,40,25,126,28,120,30,516,1012
2024-07-16 14:53:57,157,40,25,126,28,119,30,516,1012
2024-07-16 14:53:58,157,40,25,126,28,119,30,516,1011
2024-07-16 14:53:59,157,40,25,126,28,119,30,517,1012
2024-07-16 14:54:00,157,40,25,126,28,119,29,516,1012
2024-07-16 14:54:01,157,40,25,126,28,119,30,516,1011
2024-07-16 14:54:02,157,40,25,126,28,119,30,516,1012
2024-07-16 14:54:03,157,41,25,126,28,119,30,517,1011
2024-07-16 14:54:04,157,40,25,126,28,119,30,516,1012
2024-07-16 14:54:05,157,40,25,126,28,119,30,516,1012
2024-07-16 14:54:06,157,40,25,126,28,119,30,516,1012
2024-07-16 14:54:07,157,40,25,126,28,119,30,516,1011
2024-07-16 14:54:08,157,40,25,126,28,119,29,516,1012
2024-07-16 14:54:09,157,40,25,126,28,119,29,516,1012
2024-07-16 14:54:10,157,40,25,126,28,119,29,516,1012
2024-07-16 14:54:11,157,40,25,126,28,120,29,516,1012
2024-07-16 14:54:12,157,40,25,126,28,119,29,516,1012
2024-07-16 14:54:13,156,40,25,126,28,119,29,516,1011
2024-07-16 14:54:14,157,40,25,126,28,119,29,516,1012
2024-07-16 14:54:15,156,40,25,126,28,119,29,516,1011
2024-07-16 14:54:16,156,40,25,126,28,119,29,516,1012
2024-07-16 14:54:17,156,40,25,126,28,119,29,516,1012
2024-07-16 14:54:18,156,40,25,126,28,119,29,515,1011
2024-07-16 14:54:19,156,40,25,126,28,119,29,515,1012
2024-07-16 14:54:20,156,40,25,126,28,119,30,516,1011
2024-07-16 14:54:21,156,40,25,126,28,119,30,516,1012
2024-07-16 14:54:22,156,40,25,126,28,119,30,516,1012
2024-07-16 14:54:23,156,40,25,126,28,119,30,515,1012
2024-07-16 14:54:24,156,40,25,126,28,119,30,516,1011
2024-07-16 14:54:25,156,40,25,126,28,119,30,515,1011
2024-07-16 14:54:26,156,40,25,126,28,119,30,515,1012
2024-07-16 14:54:27,156,40,25,126,28,119,30,515,1012
2024-07-16 14:54:28,156,40,25,126,28,119,30,515,1011
2024-07-16 14:54:29,156,40,25,126,28,119,30,516,1012
2024-07-16 14:54:30,156,40,25,126,28,119,30,516,1011
2024-07-16 14:54:31,156,40,25,126,28,119,30,515,1012
2024-07-16 14:54:32,156,40,25,126,28,119,29,515,1011
2024-07-16 14:54:33,155,40,25,126,28,119,29,515,1012
2024-07-16 14:54:34,155,40,25,126,28,119,29,515,1011
2024-07-16 14:54:35,155,40,25,126,28,119,29,515,1012
2024-07-16 14:54:36,155,40,25,126,28,119,30,515,1012
2024-07-16 14:54:37,155,40,25,126,28,119,30,515,1012
2024-07-16 14:54:38,155,40,25,126,28,119,30,516,1012
2024-07-16 14:54:39,155,40,25,126,28,119,30,516,1012
2024-07-16 14:54:40,155,40,25,126,28,119,30,516,1012
2024-07-16 14:54:41,155,40,25,126,28,119,30,516,1012
2024-07-16 14:54:42,155,40,25,125,28,119,30,516,1012
2024-07-16 14:54:43,155,40,25,126,28,119,30,516,1012
2024-07-16 14:54:44,155,40,25,125,28,118,30,516,1011
2024-07-16 14:54:45,155,40,25,126,28,119,30,516,1012
2024-07-16 14:54:46,155,40,25,125,28,119,30,516,1012
2024-07-16 14:54:47,155,40,25,125,28,118,30,516,1012
2024-07-16 14:54:48,155,40,25,125,28,119,30,516,1012
2024-07-16 14:54:49,154,40,25,125,28,118,29,516,1011
2024-07-16 14:54:51,154,40,25,126,28,118,30,516,1012
2024-07-16 14:54:52,154,40,25,125,28,118,30,516,1012
2024-07-16 14:54:53,154,40,25,125,28,118,30,516,1012
2024-07-16 14:54:54,154,40,25,125,28,118,30,516,1012
2024-07-16 14:54:55,154,40,25,125,28,118,30,516,1012
2024-07-16 14:54:56,154,40,25,125,28,118,30,516,1012
2024-07-16 14:54:57,154,40,25,125,28,118,30,517,1012
2024-07-16 14:54:58,154,40,25,125,28,119,31,517,1012
2024-07-16 14:54:59,154,40,25,125,28,119,31,517,1011
2024-07-16 14:55:00,154,40,25,125,28,119,30,517,1011
2024-07-16 14:55:01,154,39,25,125,28,119,30,517,1012
2024-07-16 14:55:02,154,40,25,125,28,119,31,517,1012
2024-07-16 14:55:03,154,40,25,125,28,119,31,517,1012
2024-07-16 14:55:04,154,39,25,125,28,119,31,518,1012
2024-07-16 14:55:05,154,40,25,125,28,119,31,518,1012
2024-07-16 14:55:06,154,39,25,125,28,119,31,518,1012
2024-07-16 14:55:07,155,40,25,125,28,119,32,518,1012
2024-07-16 14:55:08,154,40,25,125,28,119,31,518,1012
2024-07-16 14:55:09,154,40,25,125,28,119,31,518,1012
2024-07-16 14:55:10,155,40,25,125,28,119,31,518,1012
2024-07-16 14:55:11,155,40,25,125,28,119,30,518,1012
2024-07-16 14:55:12,155,40,25,125,28,119,30,518,1012
2024-07-16 14:55:13,154,39,25,125,28,119,30,518,1011
2024-07-16 14:55:14,154,40,25,125,28,119,30,518,1012
2024-07-16 14:55:15,154,40,25,125,28,119,30,518,1012
2024-07-16 14:55:16,154,40,25,125,28,119,30,518,1012
2024-07-16 14:55:17,154,39,25,125,28,119,30,518,1012
2024-07-16 14:55:18,154,39,25,125,28,119,29,518,1012
2024-07-16 14:55:19,154,39,25,125,28,119,29,518,1012
2024-07-16 14:55:20,154,39,25,125,28,118,29,518,1012
2024-07-16 14:55:21,154,39,25,125,28,118,29,517,1012
2024-07-16 14:55:22,154,39,25,125,28,118,30,517,1012
2024-07-16 14:55:23,154,39,25,125,28,118,30,517,1012
2024-07-16 14:55:24,154,39,25,125,28,118,30,518,1011
2024-07-16 14:55:25,154,40,25,125,28,118,30,518,1011
2024-07-16 14:55:26,153,39,25,125,28,118,30,518,1012
2024-07-16 14:55:27,154,40,25,125,28,118,30,518,1012
2024-07-16 14:55:28,153,39,25,125,28,118,30,517,1012
2024-07-16 14:55:29,154,39,25,125,28,118,30,517,1012
2024-07-16 14:55:30,154,39,25,125,28,118,30,517,1012
2024-07-16 14:55:31,153,39,25,125,28,118,30,517,1012
2024-07-16 14:55:32,153,39,25,125,28,118,30,517,1012
2024-07-16 14:55:33,153,39,25,125,28,118,30,517,1012
2024-07-16 14:55:34,153,39,25,125,28,118,30,517,1012
2024-07-16 14:55:35,153,39,25,125,28,118,29,517,1012
2024-07-16 14:55:36,153,39,25,125,28,118,30,517,1012
2024-07-16 14:55:37,153,39,25,125,28,118,29,517,1012
2024-07-16 14:55:38,153,39,25,125,28,118,29,516,1012
2024-07-16 14:55:39,153,39,25,125,28,118,30,516,1012
2024-07-16 14:55:40,153,39,25,125,28,118,29,516,1012
2024-07-16 14:55:41,153,39,25,125,28,118,30,516,1012
2024-07-16 14:55:42,153,39,25,125,28,118,29,516,1011
2024-07-16 14:55:43,153,39,25,125,28,118,29,516,1012
2024-07-16 14:55:44,153,40,25,125,28,118,29,516,1012
2024-07-16 14:55:45,153,39,25,125,28,118,29,516,1012
2024-07-16 14:55:46,153,39,25,125,28,118,29,516,1012
2024-07-16 14:55:47,153,39,25,125,28,118,30,516,1012
2024-07-16 14:55:48,153,39,25,125,28,118,29,516,1012
2024-07-16 14:55:49,153,39,25,125,28,118,29,516,1012
2024-07-16 14:55:50,153,39,25,125,28,118,29,516,1012
2024-07-16 14:55:51,153,39,25,125,28,118,30,516,1012
2024-07-16 14:55:52,153,39,25,125,28,118,29,516,1012
2024-07-16 14:55:53,153,39,25,125,28,118,30,516,1012
2024-07-16 14:55:54,153,39,25,125,28,118,29,516,1012
2024-07-16 14:55:55,153,39,25,125,28,118,29,516,1012
2024-07-16 14:55:56,153,39,25,125,28,118,29,515,1012
2024-07-16 14:55:57,153,39,25,125,28,118,30,516,1012
2024-07-16 14:55:58,153,39,25,125,28,118,30,515,1012
2024-07-16 14:55:59,153,39,25,125,28,118,30,516,1011
2024-07-16 14:56:00,153,39,25,125,28,118,30,516,1012
2024-07-16 14:56:01,153,40,25,125,28,118,30,516,1011
2024-07-16 14:56:02,153,39,25,125,28,118,30,516,1012
2024-07-16 14:56:03,153,39,25,125,28,118,29,515,1012
2024-07-16 14:56:04,153,39,25,125,28,118,29,515,1012
2024-07-16 14:56:05,153,39,25,125,28,118,29,515,1012
2024-07-16 14:56:06,153,39,25,125,28,118,29,515,1012
2024-07-16 14:56:07,153,39,25,125,28,118,29,515,1012
2024-07-16 14:56:08,153,39,25,124,28,118,29,515,1012
2024-07-16 14:56:09,153,39,25,125,28,118,29,515,1012
2024-07-16 14:56:10,153,39,25,125,28,118,29,515,1012
2024-07-16 14:56:11,153,39,25,125,28,118,29,515,1012
2024-07-16 14:56:12,153,39,25,124,28,118,30,515,1012
2024-07-16 14:56:13,153,39,25,124,28,118,30,515,1012
2024-07-16 14:56:15,153,39,25,125,28,118,30,515,1012
2024-07-16 14:56:16,153,39,25,124,28,118,30,515,1011
2024-07-16 14:56:17,152,39,25,125,28,118,30,515,1012
2024-07-16 14:56:18,152,39,25,124,28,118,29,515,1011
2024-07-16 14:56:19,152,39,25,124,28,118,29,515,1012
2024-07-16 14:56:20,152,39,25,125,28,118,30,515,1012
2024-07-16 14:56:21,152,39,25,124,28,118,30,515,1011
2024-07-16 14:56:22,152,39,25,124,28,118,29,515,1012
2024-07-16 14:56:23,152,39,25,125,28,118,29,515,1011
2024-07-16 14:56:24,152,39,25,124,28,118,29,515,1011
2024-07-16 14:56:25,152,39,25,124,28,118,29,515,1012
2024-07-16 14:56:26,152,39,25,124,28,118,29,515,1012
2024-07-16 14:56:27,152,39,25,124,28,118,29,514,1012
2024-07-16 14:56:28,152,39,25,124,28,118,29,514,1012
2024-07-16 14:56:29,152,39,25,124,28,118,29,514,1011
2024-07-16 14:56:30,152,39,25,124,28,118,29,514,1011
2024-07-16 14:56:31,152,39,25,124,28,118,29,514,1011
2024-07-16 14:56:32,152,39,25,124,28,118,29,514,1012
2024-07-16 14:56:33,152,39,25,124,28,117,29,514,1012
2024-07-16 14:56:34,152,38,25,124,28,117,29,514,1012
2024-07-16 14:56:35,152,39,25,124,28,118,29,514,1011
2024-07-16 14:56:36,152,39,25,124,28,117,29,514,1012
2024-07-16 14:56:37,152,39,25,124,28,117,29,514,1012
2024-07-16 14:56:38,152,38,25,124,28,117,29,514,1012
2024-07-16 14:56:39,152,39,24,124,28,117,29,514,1012
2024-07-16 14:56:40,151,39,25,124,28,117,29,514,1012
2024-07-16 14:56:41,151,39,25,124,28,117,29,514,1011
2024-07-16 14:56:42,151,39,25,124,28,117,29,514,1012
2024-07-16 14:56:43,151,39,25,124,28,118,29,514,1011
2024-07-16 14:56:44,151,39,25,124,28,117,30,514,1012
2024-07-16 14:56:45,151,39,25,124,28,117,30,514,1012
2024-07-16 14:56:46,151,39,24,124,28,117,29,514,1012
2024-07-16 14:56:47,151,39,25,124,28,117,29,513,1012
2024-07-16 14:56:48,151,38,25,124,28,118,29,513,1012
2024-07-16 14:56:49,151,39,25,124,28,117,29,513,1012
2024-07-16 14:56:50,151,38,25,124,28,117,29,513,1012
2024-07-16 14:56:51,151,39,25,124,28,117,29,513,1011
2024-07-16 14:56:52,151,38,25,124,28,117,29,513,1012
2024-07-16 14:56:53,151,39,25,124,28,117,29,513,1011
2024-07-16 14:56:54,151,38,25,124,28,117,30,513,1012
2024-07-16 14:56:55,151,39,25,124,28,117,30,513,1012
2024-07-16 14:56:56,151,39,25,124,28,117,30,514,1012
2024-07-16 14:56:57,151,39,25,124,28,117,30,513,1011
2024-07-16 14:56:58,151,39,25,124,28,118,30,514,1012
2024-07-16 14:56:59,151,39,25,124,28,117,30,514,1012
2024-07-16 14:57:00,151,39,25,124,28,117,30,513,1011
2024-07-16 14:57:01,151,39,25,124,28,117,30,514,1012
2024-07-16 14:57:02,151,39,25,124,28,117,30,514,1012
2024-07-16 14:57:03,151,39,25,124,28,117,30,514,1012
2024-07-16 14:57:04,151,39,25,124,28,117,30,514,1012
2024-07-16 14:57:05,151,39,25,124,28,118,30,514,1011
2024-07-16 14:57:06,151,39,25,124,28,117,30,513,1012
2024-07-16 14:57:07,151,39,25,124,28,117,30,513,1012
2024-07-16 14:57:08,151,39,24,124,28,117,30,513,1012
2024-07-16 14:57:09,151,39,25,124,28,117,30,514,1012
2024-07-16 14:57:10,151,39,25,124,28,117,30,513,1012
2024-07-16 14:57:11,151,39,25,124,28,117,29,513,1012
2024-07-16 14:57:12,151,39,25,124,28,117,29,513,1012
2024-07-16 14:57:13,151,39,25,124,28,117,29,513,1012
2024-07-16 14:57:14,151,39,25,124,28,117,29,513,1012
2024-07-16 14:57:15,151,38,25,124,28,117,29,512,1012
2024-07-16 14:57:16,151,38,24,124,28,117,28,512,1012
2024-07-16 14:57:17,151,38,25,124,28,117,29,512,1011
2024-07-16 14:57:18,151,38,25,124,28,117,29,512,1012
2024-07-16 14:57:19,151,39,25,124,28,117,29,512,1012
2024-07-16 14:57:20,150,38,25,124,28,117,29,512,1011
2024-07-16 14:57:21,150,38,25,124,28,117,29,512,1012
2024-07-16 14:57:22,150,38,24,124,28,117,29,512,1012
2024-07-16 14:57:23,150,38,25,124,28,117,29,512,1012
2024-07-16 14:57:24,150,38,25,124,28,117,29,512,1012
2024-07-16 14:57:25,150,38,24,124,28,117,29,512,1012
2024-07-16 14:57:26,150,38,25,124,28,117,29,512,1011
2024-07-16 14:57:27,150,38,25,124,28,117,29,512,1012
2024-07-16 14:57:28,150,38,25,124,28,117,29,512,1012
2024-07-16 14:57:29,150,38,25,124,28,117,29,512,1012
2024-07-16 14:57:30,150,38,25,124,28,117,29,512,1011
2024-07-16 14:57:31,150,38,25,124,28,117,29,512,1012
2024-07-16 14:57:32,150,38,25,124,28,117,29,512,1012
2024-07-16 14:57:33,150,38,25,124,28,117,29,512,1012
2024-07-16 14:57:34,150,39,25,124,28,117,29,512,1012
2024-07-16 14:57:35,150,38,25,124,28,117,30,512,1012
2024-07-16 14:57:36,149,38,25,124,28,117,30,512,1012
2024-07-16 14:57:38,149,38,25,124,28,117,29,512,1012
2024-07-16 14:57:39,149,38,25,124,28,117,30,512,1012
2024-07-16 14:57:40,149,38,25,124,28,117,29,512,1012
2024-07-16 14:57:41,149,38,25,124,28,117,30,513,1012
2024-07-16 14:57:42,149,38,25,124,28,117,30,512,1012
2024-07-16 14:57:43,149,38,24,124,28,117,30,512,1012
2024-07-16 14:57:44,149,38,25,124,28,117,30,513,1012
2024-07-16 14:57:45,149,38,25,124,28,117,30,513,1012
2024-07-16 14:57:46,149,38,25,124,28,117,30,513,1012
2024-07-16 14:57:47,149,38,24,124,28,117,30,512,1011
2024-07-16 14:57:48,149,38,25,124,28,117,30,512,1012
2024-07-16 14:57:49,149,38,24,124,28,117,30,512,1012
2024-07-16 14:57:50,149,38,24,124,28,117,29,512,1012
2024-07-16 14:57:51,149,38,25,124,28,117,29,512,1012
2024-07-16 14:57:52,149,38,25,123,28,117,30,512,1012
2024-07-16 14:57:53,149,38,25,124,28,117,30,512,1012
2024-07-16 14:57:54,149,38,25,123,28,117,29,512,1012
2024-07-16 14:57:55,149,38,24,123,28,117,30,512,1012
2024-07-16 14:57:56,149,38,25,123,28,117,30,512,1012
2024-07-16 14:57:57,149,38,25,123,28,117,30,512,1012
2024-07-16 14:57:58,149,38,25,123,28,117,30,512,1012
2024-07-16 14:57:59,149,38,25,123,28,117,30,513,1012
2024-07-16 14:58:00,149,38,25,123,28,117,30,513,1012
2024-07-16 14:58:01,149,38,25,123,28,117,30,513,1012
2024-07-16 14:58:02,149,38,25,123,28,117,29,513,1012
2024-07-16 14:58:03,149,38,24,123,28,117,29,512,1012
2024-07-16 14:58:04,149,38,25,123,28,117,28,512,1011
2024-07-16 14:58:05,149,38,24,123,28,117,28,512,1012
2024-07-16 14:58:06,149,38,24,123,28,117,28,512,1012
2024-07-16 14:58:07,149,38,24,123,28,117,28,512,1012
2024-07-16 14:58:08,149,38,24,123,28,117,28,512,1012
2024-07-16 14:58:09,149,38,25,123,28,117,28,512,1012
2024-07-16 14:58:10,149,38,24,123,28,117,29,512,1012
2024-07-16 14:58:11,148,38,25,123,28,117,29,512,1012
2024-07-16 14:58:12,148,38,24,123,28,117,29,512,1012
2024-07-16 14:58:13,148,38,24,123,28,117,29,512,1012
2024-07-16 14:58:14,148,38,24,123,28,116,29,512,1012
2024-07-16 14:58:15,148,38,25,123,28,116,29,513,1012
2024-07-16 14:58:16,148,38,25,123,28,117,29,512,1011
2024-07-16 14:58:17,148,38,25,123,28,116,29,513,1012
2024-07-16 14:58:18,148,38,25,123,28,116,30,512,1011
2024-07-16 14:58:19,148,38,24,123,28,116,29,512,1012
2024-07-16 14:58:20,148,38,24,123,28,116,29,512,1012
2024-07-16 14:58:21,148,38,24,123,28,117,30,512,1012
2024-07-16 14:58:22,148,38,24,123,28,116,30,512,1012
2024-07-16 14:58:23,148,38,24,123,28,116,30,512,1012
2024-07-16 14:58:24,148,38,24,123,28,117,30,512,1011
2024-07-16 14:58:25,148,38,24,123,28,117,29,512,1012
2024-07-16 14:58:26,148,38,25,123,28,116,30,511,1012
2024-07-16 14:58:27,148,38,25,123,28,117,30,511,1012
2024-07-16 14:58:28,148,38,25,123,28,117,29,511,1012
2024-07-16 14:58:29,148,38,24,124,28,117,29,511,1012
2024-07-16 14:58:30,148,38,24,123,28,117,29,511,1012
2024-07-16 14:58:31,148,38,24,123,28,117,29,511,1012
2024-07-16 14:58:32,148,38,24,123,28,117,29,510,1012
2024-07-16 14:58:33,148,38,24,123,28,116,29,510,1012
2024-07-16 14:58:34,148,38,24,123,28,117,29,510,1012
2024-07-16 14:58:35,148,38,25,123,28,116,29,510,1012
2024-07-16 14:58:36,148,38,24,123,28,117,29,510,1012
2024-07-16 14:58:37,148,38,25,123,28,117,28,510,1012
2024-07-16 14:58:38,148,38,24,123,28,117,28,510,1012
2024-07-16 14:58:39,148,38,25,123,28,117,28,510,1012
2024-07-16 14:58:40,148,38,24,123,28,117,28,510,1012
2024-07-16 14:58:41,148,38,24,123,28,117,28,509,1012
2024-07-16 14:58:42,148,38,25,123,28,116,29,509,1012
2024-07-16 14:58:43,148,38,25,123,28,116,29,510,1012
2024-07-16 14:58:44,148,38,25,123,28,117,29,509,1012
2024-07-16 14:58:45,148,38,24,123,28,117,29,509,1012
2024-07-16 14:58:46,148,38,24,123,28,117,29,509,1012
2024-07-16 14:58:47,148,38,24,123,28,117,29,509,1012
2024-07-16 14:58:48,148,38,24,123,28,117,29,509,1012
2024-07-16 14:58:49,148,38,24,123,28,117,29,509,1012
2024-07-16 14:58:50,148,38,24,123,28,117,29,509,1012
2024-07-16 14:58:51,148,38,25,123,28,117,29,508,1012
2024-07-16 14:58:52,148,38,24,123,28,117,29,508,1012
2024-07-16 14:58:53,148,38,24,123,28,117,29,508,1012
2024-07-16 14:58:54,148,38,24,123,28,117,29,508,1012
2024-07-16 14:58:55,148,38,24,123,28,117,29,508,1012
2024-07-16 14:58:56,148,38,24,123,28,117,29,508,1012
2024-07-16 14:58:57,148,38,24,123,28,117,29,508,1012
2024-07-16 14:58:58,148,38,24,123,28,117,29,508,1012
2024-07-16 14:58:59,148,38,24,123,28,117,29,507,1012
2024-07-16 14:59:00,148,38,24,123,28,117,30,507,1012
2024-07-16 14:59:02,149,38,24,123,28,117,30,507,1012
2024-07-16 14:59:03,148,38,24,123,28,117,30,507,1011
2024-07-16 14:59:04,149,38,24,123,28,117,30,507,1012
2024-07-16 14:59:05,149,38,24,123,28,117,30,507,1012
2024-07-16 14:59:06,149,38,24,123,28,117,30,507,1012
2024-07-16 14:59:07,149,38,24,123,28,117,30,507,1012
2024-07-16 14:59:08,149,38,24,123,28,117,29,507,1012
2024-07-16 14:59:09,149,38,24,123,28,117,29,507,1012
2024-07-16 14:59:10,149,38,24,123,28,117,29,507,1012
2024-07-16 14:59:11,149,38,24,123,28,117,28,507,1012
2024-07-16 14:59:12,149,38,24,123,28,117,28,506,1012
2024-07-16 14:59:13,149,38,24,123,28,117,28,506,1012
2024-07-16 14:59:14,149,38,25,123,27,117,28,506,1012
2024-07-16 14:59:15,149,38,24,123,28,117,28,506,1012
2024-07-16 14:59:16,149,38,24,123,28,117,29,506,1012
2024-07-16 14:59:17,149,37,24,123,28,117,29,506,1012
2024-07-16 14:59:18,149,38,24,123,28,117,29,506,1012
2024-07-16 14:59:19,149,38,24,123,28,117,29,507,1012
2024-07-16 14:59:20,149,38,24,123,28,117,29,507,1011
2024-07-16 14:59:21,149,38,25,123,28,117,29,507,1012
2024-07-16 14:59:22,149,38,24,123,28,117,30,507,1012
2024-07-16 14:59:23,149,38,24,123,28,117,30,506,1012
2024-07-16 14:59:24,149,38,24,123,28,117,30,507,1012
2024-07-16 14:59:25,149,38,25,123,27,117,30,507,1012
2024-07-16 14:59:26,149,38,24,123,28,117,30,507,1012
2024-07-16 14:59:27,149,37,24,123,28,117,30,507,1012
2024-07-16 14:59:28,149,38,24,123,28,117,30,507,1012
2024-07-16 14:59:29,149,38,24,123,28,118,30,507,1012
2024-07-16 14:59:30,149,38,24,123,28,117,30,507,1012
2024-07-16 14:59:31,149,38,24,123,28,117,30,507,1011
2024-07-16 14:59:32,149,38,24,123,28,117,30,507,1012
2024-07-16 14:59:33,149,38,24,123,28,117,30,507,1012
2024-07-16 14:59:34,149,38,24,123,28,117,30,507,1012
2024-07-16 14:59:35,149,38,24,123,28,117,30,507,1012
2024-07-16 14:59:36,149,38,24,123,28,117,30,507,1012
2024-07-16 14:59:37,149,38,24,123,28,117,30,507,1012
2024-07-16 14:59:38,149,38,25,123,28,117,29,507,1012
2024-07-16 14:59:39,149,38,24,123,28,117,30,507,1012
2024-07-16 14:59:40,149,38,24,123,28,118,30,507,1012
2024-07-16 14:59:41,149,38,24,123,28,117,30,507,1012
2024-07-16 14:59:42,149,38,24,123,28,117,30,507,1012
2024-07-16 14:59:43,149,38,25,123,28,117,30,507,1012
2024-07-16 14:59:44,149,38,24,123,28,117,30,507,1012
2024-07-16 14:59:45,149,38,24,123,28,117,30,507,1012
2024-07-16 14:59:46,149,38,24,123,28,117,29,507,1012
2024-07-16 14:59:47,149,38,24,123,28,117,30,507,1012
2024-07-16 14:59:48,149,38,24,123,28,118,30,507,1012
2024-07-16 14:59:49,149,38,25,123,28,117,30,507,1012
2024-07-16 14:59:50,149,38,24,123,28,118,30,507,1012
2024-07-16 14:59:51,149,38,25,123,28,118,30,507,1012
2024-07-16 14:59:52,149,38,24,123,28,118,30,507,1012
2024-07-16 14:59:53,150,38,24,123,28,118,30,508,1012
2024-07-16 14:59:54,149,38,24,123,28,118,30,508,1012
2024-07-16 14:59:55,150,38,25,123,28,118,30,508,1012
2024-07-16 14:59:56,150,38,24,123,28,118,30,508,1012
2024-07-16 14:59:57,150,38,24,123,28,118,30,508,1012
2024-07-16 14:59:58,150,38,25,123,28,118,31,507,1012
2024-07-16 14:59:59,150,38,24,123,28,118,31,508,1012
2024-07-16 15:00:00,150,38,25,123,28,118,31,508,1012
