Timestamp,mq214
2024-07-16 15:45:00,1012
2024-07-16 15:45:01,1012
2024-07-16 15:45:02,1012
2024-07-16 15:45:04,1012
2024-07-16 15:45:05,1012
2024-07-16 15:45:06,1012
2024-07-16 15:45:07,1012
2024-07-16 15:45:08,1012
2024-07-16 15:45:09,1011
2024-07-16 15:45:10,1012
2024-07-16 15:45:11,1011
2024-07-16 15:45:12,1012
2024-07-16 15:45:13,1012
2024-07-16 15:45:14,1012
2024-07-16 15:45:15,1012
2024-07-16 15:45:16,1012
2024-07-16 15:45:17,1012
2024-07-16 15:45:18,1012
2024-07-16 15:45:19,1012
2024-07-16 15:45:20,1012
2024-07-16 15:45:21,1012
2024-07-16 15:45:22,1012
2024-07-16 15:45:23,1011
2024-07-16 15:45:24,1012
2024-07-16 15:45:25,1012
2024-07-16 15:45:26,1012
2024-07-16 15:45:27,1012
2024-07-16 15:45:28,1012
2024-07-16 15:45:29,1012
2024-07-16 15:45:30,1012
2024-07-16 15:45:31,1012
2024-07-16 15:45:32,1012
2024-07-16 15:45:33,1012
2024-07-16 15:45:34,1012
2024-07-16 15:45:35,1012
2024-07-16 15:45:36,1012
2024-07-16 15:45:37,1012
2024-07-16 15:45:38,1012
2024-07-16 15:45:39,1012
2024-07-16 15:45:40,1012
2024-07-16 15:45:41,1012
2024-07-16 15:45:42,1011
2024-07-16 15:45:43,1012
2024-07-16 15:45:44,1012
2024-07-16 15:45:45,1012
2024-07-16 15:45:46,1012
2024-07-16 15:45:47,1012
2024-07-16 15:45:48,1012
2024-07-16 15:45:49,1012
2024-07-16 15:45:50,1012
2024-07-16 15:45:51,1012
2024-07-16 15:45:52,1012
2024-07-16 15:45:53,1012
2024-07-16 15:45:54,1012
2024-07-16 15:45:55,1012
2024-07-16 15:45:56,1012
2024-07-16 15:45:57,1012
2024-07-16 15:45:58,1011
2024-07-16 15:45:59,1012
2024-07-16 15:46:00,1012
2024-07-16 15:46:01,1012
2024-07-16 15:46:02,1012
2024-07-16 15:46:03,1012
2024-07-16 15:46:04,1012
2024-07-16 15:46:05,1012
2024-07-16 15:46:06,1011
2024-07-16 15:46:07,1012
2024-07-16 15:46:08,1012
2024-07-16 15:46:09,1012
2024-07-16 15:46:10,1012
2024-07-16 15:46:11,1011
2024-07-16 15:46:12,1012
2024-07-16 15:46:13,1012
2024-07-16 15:46:14,1012
2024-07-16 15:46:15,1012
2024-07-16 15:46:16,1011
2024-07-16 15:46:17,1012
2024-07-16 15:46:18,1012
2024-07-16 15:46:19,1012
2024-07-16 15:46:20,1012
2024-07-16 15:46:21,1012
2024-07-16 15:46:22,1011
2024-07-16 15:46:23,1012
2024-07-16 15:46:24,1011
2024-07-16 15:46:25,1011
2024-07-16 15:46:26,1011
2024-07-16 15:46:28,1012
2024-07-16 15:46:29,1011
2024-07-16 15:46:30,1012
2024-07-16 15:46:31,1012
2024-07-16 15:46:32,1012
2024-07-16 15:46:33,1011
2024-07-16 15:46:34,1012
2024-07-16 15:46:35,1011
2024-07-16 15:46:36,1012
2024-07-16 15:46:37,1012
2024-07-16 15:46:38,1012
2024-07-16 15:46:39,1012
2024-07-16 15:46:40,1012
2024-07-16 15:46:41,1012
2024-07-16 15:46:42,1011
2024-07-16 15:46:43,1012
2024-07-16 15:46:44,1012
2024-07-16 15:46:45,1011
2024-07-16 15:46:46,1012
2024-07-16 15:46:47,1012
2024-07-16 15:46:48,1012
2024-07-16 15:46:49,1012
2024-07-16 15:46:50,1012
2024-07-16 15:46:51,1012
2024-07-16 15:46:52,1012
2024-07-16 15:46:53,1012
2024-07-16 15:46:54,1012
2024-07-16 15:46:55,1012
2024-07-16 15:46:56,1012
2024-07-16 15:46:57,1012
2024-07-16 15:46:58,1012
2024-07-16 15:46:59,1012
2024-07-16 15:47:00,1012
2024-07-16 15:47:01,1012
2024-07-16 15:47:02,1012
2024-07-16 15:47:03,1012
2024-07-16 15:47:04,1012
2024-07-16 15:47:05,1012
2024-07-16 15:47:06,1012
2024-07-16 15:47:07,1012
2024-07-16 15:47:08,1012
2024-07-16 15:47:09,1012
2024-07-16 15:47:10,1012
2024-07-16 15:47:11,1012
2024-07-16 15:47:12,1012
2024-07-16 15:47:13,1012
2024-07-16 15:47:14,1012
2024-07-16 15:47:15,1012
2024-07-16 15:47:16,1012
2024-07-16 15:47:17,1012
2024-07-16 15:47:18,1012
2024-07-16 15:47:19,1012
2024-07-16 15:47:20,1012
2024-07-16 15:47:21,1012
2024-07-16 15:47:22,1012
2024-07-16 15:47:23,1012
2024-07-16 15:47:24,1012
2024-07-16 15:47:25,1012
2024-07-16 15:47:26,1012
2024-07-16 15:47:27,1012
2024-07-16 15:47:28,1012
2024-07-16 15:47:29,1012
2024-07-16 15:47:30,1012
2024-07-16 15:47:31,1012
2024-07-16 15:47:32,1012
2024-07-16 15:47:33,1012
2024-07-16 15:47:34,1012
2024-07-16 15:47:35,1012
2024-07-16 15:47:36,1012
2024-07-16 15:47:37,1012
2024-07-16 15:47:38,1012
2024-07-16 15:47:39,1012
2024-07-16 15:47:40,1012
2024-07-16 15:47:41,1012
2024-07-16 15:47:42,1012
2024-07-16 15:47:43,1012
2024-07-16 15:47:44,1012
2024-07-16 15:47:45,1012
2024-07-16 15:47:46,1012
2024-07-16 15:47:47,1012
2024-07-16 15:47:48,1012
2024-07-16 15:47:49,1012
2024-07-16 15:47:51,1012
2024-07-16 15:47:52,1012
2024-07-16 15:47:53,1012
2024-07-16 15:47:54,1012
2024-07-16 15:47:55,1012
2024-07-16 15:47:56,1012
2024-07-16 15:47:57,1012
2024-07-16 15:47:58,1012
2024-07-16 15:47:59,1012
2024-07-16 15:48:00,1012
2024-07-16 15:48:01,1012
2024-07-16 15:48:02,1012
2024-07-16 15:48:03,1012
2024-07-16 15:48:04,1011
2024-07-16 15:48:05,1012
2024-07-16 15:48:06,1012
2024-07-16 15:48:07,1012
2024-07-16 15:48:08,1012
2024-07-16 15:48:09,1012
2024-07-16 15:48:10,1012
2024-07-16 15:48:11,1012
2024-07-16 15:48:12,1012
2024-07-16 15:48:13,1011
2024-07-16 15:48:14,1012
2024-07-16 15:48:15,1012
2024-07-16 15:48:16,1012
2024-07-16 15:48:17,1012
2024-07-16 15:48:18,1012
2024-07-16 15:48:19,1012
2024-07-16 15:48:20,1012
2024-07-16 15:48:21,1012
2024-07-16 15:48:22,1012
2024-07-16 15:48:23,1012
2024-07-16 15:48:24,1012
2024-07-16 15:48:25,1012
2024-07-16 15:48:26,1012
2024-07-16 15:48:27,1012
2024-07-16 15:48:28,1012
2024-07-16 15:48:29,1012
2024-07-16 15:48:30,1012
2024-07-16 15:48:31,1011
2024-07-16 15:48:32,1012
2024-07-16 15:48:33,1012
2024-07-16 15:48:34,1012
2024-07-16 15:48:35,1012
2024-07-16 15:48:36,1012
2024-07-16 15:48:37,1012
2024-07-16 15:48:38,1012
2024-07-16 15:48:39,1012
2024-07-16 15:48:40,1012
2024-07-16 15:48:41,1012
2024-07-16 15:48:42,1012
2024-07-16 15:48:43,1011
2024-07-16 15:48:44,1012
2024-07-16 15:48:45,1012
2024-07-16 15:48:46,1012
2024-07-16 15:48:47,1012
2024-07-16 15:48:48,1012
2024-07-16 15:48:49,1012
2024-07-16 15:48:50,1012
2024-07-16 15:48:51,1012
2024-07-16 15:48:52,1012
2024-07-16 15:48:53,1012
2024-07-16 15:48:54,1012
2024-07-16 15:48:55,1011
2024-07-16 15:48:56,1012
2024-07-16 15:48:57,1012
2024-07-16 15:48:58,1012
2024-07-16 15:48:59,1012
2024-07-16 15:49:00,1012
2024-07-16 15:49:01,1012
2024-07-16 15:49:02,1012
2024-07-16 15:49:03,1012
2024-07-16 15:49:04,1012
2024-07-16 15:49:05,1012
2024-07-16 15:49:06,1012
2024-07-16 15:49:07,1011
2024-07-16 15:49:08,1012
2024-07-16 15:49:09,1012
2024-07-16 15:49:10,1012
2024-07-16 15:49:11,1011
2024-07-16 15:49:12,1012
2024-07-16 15:49:13,1011
2024-07-16 15:49:15,1012
2024-07-16 15:49:16,1012
2024-07-16 15:49:17,1012
2024-07-16 15:49:18,1012
2024-07-16 15:49:19,1012
2024-07-16 15:49:20,1012
2024-07-16 15:49:21,1012
2024-07-16 15:49:22,1012
2024-07-16 15:49:23,1012
2024-07-16 15:49:24,1012
2024-07-16 15:49:25,1012
2024-07-16 15:49:26,1012
2024-07-16 15:49:27,1011
2024-07-16 15:49:28,1012
2024-07-16 15:49:29,1012
2024-07-16 15:49:30,1012
2024-07-16 15:49:31,1012
2024-07-16 15:49:32,1012
2024-07-16 15:49:33,1012
2024-07-16 15:49:34,1012
2024-07-16 15:49:35,1012
2024-07-16 15:49:36,1011
2024-07-16 15:49:37,1012
2024-07-16 15:49:38,1012
2024-07-16 15:49:39,1012
2024-07-16 15:49:40,1012
2024-07-16 15:49:41,1012
2024-07-16 15:49:42,1012
2024-07-16 15:49:43,1012
2024-07-16 15:49:44,1012
2024-07-16 15:49:45,1012
2024-07-16 15:49:46,1012
2024-07-16 15:49:47,1012
2024-07-16 15:49:48,1012
2024-07-16 15:49:49,1012
2024-07-16 15:49:50,1012
2024-07-16 15:49:51,1012
2024-07-16 15:49:52,1012
2024-07-16 15:49:53,1012
2024-07-16 15:49:54,1012
2024-07-16 15:49:55,1012
2024-07-16 15:49:56,1012
2024-07-16 15:49:57,1012
2024-07-16 15:49:58,1012
2024-07-16 15:49:59,1012
2024-07-16 15:50:00,1011
2024-07-16 15:50:01,1011
2024-07-16 15:50:02,1011
2024-07-16 15:50:03,1012
2024-07-16 15:50:04,1012
2024-07-16 15:50:05,1012
2024-07-16 15:50:06,1012
2024-07-16 15:50:07,1012
2024-07-16 15:50:08,1012
2024-07-16 15:50:09,1012
2024-07-16 15:50:10,1012
2024-07-16 15:50:11,1012
2024-07-16 15:50:12,1012
2024-07-16 15:50:13,1012
2024-07-16 15:50:14,1012
2024-07-16 15:50:15,1012
2024-07-16 15:50:16,1012
2024-07-16 15:50:17,1012
2024-07-16 15:50:18,1012
2024-07-16 15:50:19,1012
2024-07-16 15:50:20,1012
2024-07-16 15:50:21,1012
2024-07-16 15:50:22,1012
2024-07-16 15:50:23,1011
2024-07-16 15:50:24,1012
2024-07-16 15:50:25,1012
2024-07-16 15:50:26,1012
2024-07-16 15:50:27,1012
2024-07-16 15:50:28,1012
2024-07-16 15:50:29,1012
2024-07-16 15:50:30,1012
2024-07-16 15:50:31,1012
2024-07-16 15:50:32,1012
2024-07-16 15:50:33,1012
2024-07-16 15:50:34,1011
2024-07-16 15:50:35,1012
2024-07-16 15:50:36,1012
2024-07-16 15:50:37,1012
2024-07-16 15:50:39,1012
2024-07-16 15:50:40,1012
2024-07-16 15:50:41,1012
2024-07-16 15:50:42,1012
2024-07-16 15:50:43,1012
2024-07-16 15:50:44,1012
2024-07-16 15:50:45,1012
2024-07-16 15:50:46,1012
2024-07-16 15:50:47,1012
2024-07-16 15:50:48,1012
2024-07-16 15:50:49,1012
2024-07-16 15:50:50,1012
2024-07-16 15:50:51,1012
2024-07-16 15:50:52,1012
2024-07-16 15:50:53,1012
2024-07-16 15:50:54,1012
2024-07-16 15:50:55,1012
2024-07-16 15:50:56,1011
2024-07-16 15:50:57,1012
2024-07-16 15:50:58,1012
2024-07-16 15:50:59,1012
2024-07-16 15:51:00,1012
2024-07-16 15:51:01,1012
2024-07-16 15:51:02,1012
2024-07-16 15:51:03,1012
2024-07-16 15:51:04,1012
2024-07-16 15:51:05,1012
2024-07-16 15:51:06,1012
2024-07-16 15:51:07,1012
2024-07-16 15:51:08,1012
2024-07-16 15:51:09,1012
2024-07-16 15:51:10,1012
2024-07-16 15:51:11,1012
2024-07-16 15:51:12,1012
2024-07-16 15:51:13,1012
2024-07-16 15:51:14,1012
2024-07-16 15:51:15,1012
2024-07-16 15:51:16,1012
2024-07-16 15:51:17,1012
2024-07-16 15:51:18,1012
2024-07-16 15:51:19,1012
2024-07-16 15:51:20,1012
2024-07-16 15:51:21,1012
2024-07-16 15:51:22,1012
2024-07-16 15:51:23,1012
2024-07-16 15:51:24,1011
2024-07-16 15:51:25,1012
2024-07-16 15:51:26,1011
2024-07-16 15:51:27,1012
2024-07-16 15:51:28,1012
2024-07-16 15:51:29,1012
2024-07-16 15:51:30,1012
2024-07-16 15:51:31,1012
2024-07-16 15:51:32,1012
2024-07-16 15:51:33,1012
2024-07-16 15:51:34,1012
2024-07-16 15:51:35,1012
2024-07-16 15:51:36,1011
2024-07-16 15:51:37,1012
2024-07-16 15:51:38,1011
2024-07-16 15:51:39,1012
2024-07-16 15:51:40,1012
2024-07-16 15:51:41,1012
2024-07-16 15:51:42,1012
2024-07-16 15:51:43,1011
2024-07-16 15:51:44,1012
2024-07-16 15:51:45,1012
2024-07-16 15:51:46,1012
2024-07-16 15:51:47,1012
2024-07-16 15:51:48,1012
2024-07-16 15:51:49,1012
2024-07-16 15:51:50,1012
2024-07-16 15:51:51,1012
2024-07-16 15:51:52,1012
2024-07-16 15:51:53,1012
2024-07-16 15:51:54,1012
2024-07-16 15:51:55,1012
2024-07-16 15:51:56,1012
2024-07-16 15:51:57,1012
2024-07-16 15:51:58,1012
2024-07-16 15:51:59,1012
2024-07-16 15:52:00,1012
2024-07-16 15:52:01,1011
2024-07-16 15:52:03,1012
2024-07-16 15:52:04,1012
2024-07-16 15:52:05,1012
2024-07-16 15:52:06,1012
2024-07-16 15:52:07,1012
2024-07-16 15:52:08,1012
2024-07-16 15:52:09,1012
2024-07-16 15:52:10,1012
2024-07-16 15:52:11,1012
2024-07-16 15:52:12,1012
2024-07-16 15:52:13,1012
2024-07-16 15:52:14,1012
2024-07-16 15:52:15,1012
2024-07-16 15:52:16,1012
2024-07-16 15:52:17,1012
2024-07-16 15:52:18,1012
2024-07-16 15:52:19,1012
2024-07-16 15:52:20,1012
2024-07-16 15:52:21,1012
2024-07-16 15:52:22,1011
2024-07-16 15:52:23,1012
2024-07-16 15:52:24,1011
2024-07-16 15:52:25,1012
2024-07-16 15:52:26,1012
2024-07-16 15:52:27,1012
2024-07-16 15:52:28,1012
2024-07-16 15:52:29,1012
2024-07-16 15:52:30,1012
2024-07-16 15:52:31,1012
2024-07-16 15:52:32,1012
2024-07-16 15:52:33,1012
2024-07-16 15:52:34,1012
2024-07-16 15:52:35,1012
2024-07-16 15:52:36,1012
2024-07-16 15:52:37,1012
2024-07-16 15:52:38,1012
2024-07-16 15:52:39,1012
2024-07-16 15:52:40,1012
2024-07-16 15:52:41,1012
2024-07-16 15:52:42,1012
2024-07-16 15:52:43,1012
2024-07-16 15:52:44,1012
2024-07-16 15:52:45,1012
2024-07-16 15:52:46,1012
2024-07-16 15:52:47,1012
2024-07-16 15:52:48,1012
2024-07-16 15:52:49,1012
2024-07-16 15:52:50,1012
2024-07-16 15:52:51,1012
2024-07-16 15:52:52,1012
2024-07-16 15:52:53,1012
2024-07-16 15:52:54,1012
2024-07-16 15:52:55,1012
2024-07-16 15:52:56,1012
2024-07-16 15:52:57,1012
2024-07-16 15:52:58,1012
2024-07-16 15:52:59,1012
2024-07-16 15:53:00,1012
2024-07-16 15:53:01,1011
2024-07-16 15:53:02,1012
2024-07-16 15:53:03,1012
2024-07-16 15:53:04,1011
2024-07-16 15:53:05,1012
2024-07-16 15:53:06,1012
2024-07-16 15:53:07,1012
2024-07-16 15:53:08,1012
2024-07-16 15:53:09,1012
2024-07-16 15:53:10,1012
2024-07-16 15:53:11,1012
2024-07-16 15:53:12,1012
2024-07-16 15:53:13,1012
2024-07-16 15:53:14,1012
2024-07-16 15:53:15,1012
2024-07-16 15:53:16,1012
2024-07-16 15:53:17,1012
2024-07-16 15:53:18,1012
2024-07-16 15:53:19,1012
2024-07-16 15:53:20,1012
2024-07-16 15:53:21,1012
2024-07-16 15:53:22,1012
2024-07-16 15:53:23,1012
2024-07-16 15:53:24,1012
2024-07-16 15:53:26,1012
2024-07-16 15:53:27,1012
2024-07-16 15:53:28,1012
2024-07-16 15:53:29,1012
2024-07-16 15:53:30,1012
2024-07-16 15:53:31,1012
2024-07-16 15:53:32,1012
2024-07-16 15:53:33,1012
2024-07-16 15:53:34,1012
2024-07-16 15:53:35,1012
2024-07-16 15:53:36,1012
2024-07-16 15:53:37,1012
2024-07-16 15:53:38,1012
2024-07-16 15:53:39,1012
2024-07-16 15:53:40,1012
2024-07-16 15:53:41,1012
2024-07-16 15:53:42,1012
2024-07-16 15:53:43,1012
2024-07-16 15:53:44,1012
2024-07-16 15:53:45,1012
2024-07-16 15:53:46,1012
2024-07-16 15:53:47,1012
2024-07-16 15:53:48,1012
2024-07-16 15:53:49,1012
2024-07-16 15:53:50,1012
2024-07-16 15:53:51,1012
2024-07-16 15:53:52,1012
2024-07-16 15:53:53,1012
2024-07-16 15:53:54,1012
2024-07-16 15:53:55,1012
2024-07-16 15:53:56,1012
2024-07-16 15:53:57,1011
2024-07-16 15:53:58,1012
2024-07-16 15:53:59,1012
2024-07-16 15:54:00,1012
2024-07-16 15:54:01,1012
2024-07-16 15:54:02,1012
2024-07-16 15:54:03,1012
2024-07-16 15:54:04,1012
2024-07-16 15:54:05,1012
2024-07-16 15:54:06,1012
2024-07-16 15:54:07,1012
2024-07-16 15:54:08,1011
2024-07-16 15:54:09,1012
2024-07-16 15:54:10,1012
2024-07-16 15:54:11,1012
2024-07-16 15:54:12,1012
2024-07-16 15:54:13,1012
2024-07-16 15:54:14,1012
2024-07-16 15:54:15,1012
2024-07-16 15:54:16,1012
2024-07-16 15:54:17,1012
2024-07-16 15:54:18,1012
2024-07-16 15:54:19,1012
2024-07-16 15:54:20,1012
2024-07-16 15:54:21,1012
2024-07-16 15:54:22,1012
2024-07-16 15:54:23,1012
2024-07-16 15:54:24,1012
2024-07-16 15:54:25,1012
2024-07-16 15:54:26,1012
2024-07-16 15:54:27,1012
2024-07-16 15:54:28,1012
2024-07-16 15:54:29,1011
2024-07-16 15:54:30,1012
2024-07-16 15:54:31,1012
2024-07-16 15:54:32,1012
2024-07-16 15:54:33,1012
2024-07-16 15:54:34,1012
2024-07-16 15:54:35,1012
2024-07-16 15:54:36,1012
2024-07-16 15:54:37,1012
2024-07-16 15:54:38,1011
2024-07-16 15:54:39,1012
2024-07-16 15:54:40,1012
2024-07-16 15:54:41,1011
2024-07-16 15:54:42,1012
2024-07-16 15:54:43,1012
2024-07-16 15:54:44,1012
2024-07-16 15:54:45,1012
2024-07-16 15:54:46,1012
2024-07-16 15:54:47,1012
2024-07-16 15:54:48,1012
2024-07-16 15:54:50,1012
2024-07-16 15:54:51,1012
2024-07-16 15:54:52,1012
2024-07-16 15:54:53,1012
2024-07-16 15:54:54,1012
2024-07-16 15:54:55,1012
2024-07-16 15:54:56,1011
2024-07-16 15:54:57,1012
2024-07-16 15:54:58,1012
2024-07-16 15:54:59,1012
2024-07-16 15:55:00,1012
2024-07-16 15:55:01,1012
2024-07-16 15:55:02,1012
2024-07-16 15:55:03,1012
2024-07-16 15:55:04,1011
2024-07-16 15:55:05,1012
2024-07-16 15:55:06,1012
2024-07-16 15:55:07,1012
2024-07-16 15:55:08,1012
2024-07-16 15:55:09,1012
2024-07-16 15:55:10,1012
2024-07-16 15:55:11,1012
2024-07-16 15:55:12,1012
2024-07-16 15:55:13,1011
2024-07-16 15:55:14,1012
2024-07-16 15:55:15,1012
2024-07-16 15:55:16,1012
2024-07-16 15:55:17,1012
2024-07-16 15:55:18,1012
2024-07-16 15:55:19,1012
2024-07-16 15:55:20,1012
2024-07-16 15:55:21,1012
2024-07-16 15:55:22,1012
2024-07-16 15:55:23,1012
2024-07-16 15:55:24,1012
2024-07-16 15:55:25,1012
2024-07-16 15:55:26,1012
2024-07-16 15:55:27,1012
2024-07-16 15:55:28,1012
2024-07-16 15:55:29,1012
2024-07-16 15:55:30,1012
2024-07-16 15:55:31,1012
2024-07-16 15:55:32,1012
2024-07-16 15:55:33,1012
2024-07-16 15:55:34,1012
2024-07-16 15:55:35,1012
2024-07-16 15:55:36,1012
2024-07-16 15:55:37,1012
2024-07-16 15:55:38,1012
2024-07-16 15:55:39,1012
2024-07-16 15:55:40,1012
2024-07-16 15:55:41,1012
2024-07-16 15:55:42,1011
2024-07-16 15:55:43,1011
2024-07-16 15:55:44,1012
2024-07-16 15:55:45,1011
2024-07-16 15:55:46,1012
2024-07-16 15:55:47,1012
2024-07-16 15:55:48,1012
2024-07-16 15:55:49,1012
2024-07-16 15:55:50,1012
2024-07-16 15:55:51,1012
2024-07-16 15:55:52,1012
2024-07-16 15:55:53,1012
2024-07-16 15:55:54,1012
2024-07-16 15:55:55,1012
2024-07-16 15:55:56,1012
2024-07-16 15:55:57,1012
2024-07-16 15:55:58,1012
2024-07-16 15:55:59,1012
2024-07-16 15:56:00,1012
2024-07-16 15:56:01,1012
2024-07-16 15:56:02,1012
2024-07-16 15:56:03,1012
2024-07-16 15:56:04,1012
2024-07-16 15:56:05,1012
2024-07-16 15:56:06,1012
2024-07-16 15:56:07,1012
2024-07-16 15:56:08,1012
2024-07-16 15:56:09,1012
2024-07-16 15:56:10,1012
2024-07-16 15:56:11,1012
2024-07-16 15:56:12,1012
2024-07-16 15:56:14,1012
2024-07-16 15:56:15,1012
2024-07-16 15:56:16,1012
2024-07-16 15:56:17,1012
2024-07-16 15:56:18,1012
2024-07-16 15:56:19,1012
2024-07-16 15:56:20,1012
2024-07-16 15:56:21,1012
2024-07-16 15:56:22,1012
2024-07-16 15:56:23,1012
2024-07-16 15:56:24,1012
2024-07-16 15:56:25,1012
2024-07-16 15:56:26,1012
2024-07-16 15:56:27,1012
2024-07-16 15:56:28,1012
2024-07-16 15:56:29,1012
2024-07-16 15:56:30,1012
2024-07-16 15:56:31,1012
2024-07-16 15:56:32,1012
2024-07-16 15:56:33,1012
2024-07-16 15:56:34,1012
2024-07-16 15:56:35,1012
2024-07-16 15:56:36,1012
2024-07-16 15:56:37,1012
2024-07-16 15:56:38,1012
2024-07-16 15:56:39,1012
2024-07-16 15:56:40,1012
2024-07-16 15:56:41,1012
2024-07-16 15:56:42,1012
2024-07-16 15:56:43,1012
2024-07-16 15:56:44,1012
2024-07-16 15:56:45,1012
2024-07-16 15:56:46,1012
2024-07-16 15:56:47,1012
2024-07-16 15:56:48,1012
2024-07-16 15:56:49,1012
2024-07-16 15:56:50,1012
2024-07-16 15:56:51,1012
2024-07-16 15:56:52,1012
2024-07-16 15:56:53,1012
2024-07-16 15:56:54,1012
2024-07-16 15:56:55,1012
2024-07-16 15:56:56,1012
2024-07-16 15:56:57,1012
2024-07-16 15:56:58,1012
2024-07-16 15:56:59,1012
2024-07-16 15:57:00,1012
2024-07-16 15:57:01,1012
2024-07-16 15:57:02,1012
2024-07-16 15:57:03,1012
2024-07-16 15:57:04,1012
2024-07-16 15:57:05,1012
2024-07-16 15:57:06,1012
2024-07-16 15:57:07,1012
2024-07-16 15:57:08,1012
2024-07-16 15:57:09,1012
2024-07-16 15:57:10,1012
2024-07-16 15:57:11,1012
2024-07-16 15:57:12,1012
2024-07-16 15:57:13,1012
2024-07-16 15:57:14,1012
2024-07-16 15:57:15,1012
2024-07-16 15:57:16,1012
2024-07-16 15:57:17,1012
2024-07-16 15:57:18,1012
2024-07-16 15:57:19,1012
2024-07-16 15:57:20,1012
2024-07-16 15:57:21,1012
2024-07-16 15:57:22,1012
2024-07-16 15:57:23,1012
2024-07-16 15:57:24,1012
2024-07-16 15:57:25,1012
2024-07-16 15:57:26,1012
2024-07-16 15:57:27,1012
2024-07-16 15:57:28,1012
2024-07-16 15:57:29,1012
2024-07-16 15:57:30,1012
2024-07-16 15:57:31,1012
2024-07-16 15:57:32,1012
2024-07-16 15:57:33,1012
2024-07-16 15:57:34,1012
2024-07-16 15:57:35,1012
2024-07-16 15:57:37,1012
2024-07-16 15:57:38,1011
2024-07-16 15:57:39,1012
2024-07-16 15:57:40,1012
2024-07-16 15:57:41,1012
2024-07-16 15:57:42,1012
2024-07-16 15:57:43,1012
2024-07-16 15:57:44,1011
2024-07-16 15:57:45,1012
2024-07-16 15:57:46,1012
2024-07-16 15:57:47,1012
2024-07-16 15:57:48,1012
2024-07-16 15:57:49,1012
2024-07-16 15:57:50,1011
2024-07-16 15:57:51,1012
2024-07-16 15:57:52,1012
2024-07-16 15:57:53,1012
2024-07-16 15:57:54,1012
2024-07-16 15:57:55,1012
2024-07-16 15:57:56,1012
2024-07-16 15:57:57,1012
2024-07-16 15:57:58,1012
2024-07-16 15:57:59,1012
2024-07-16 15:58:00,1012
2024-07-16 15:58:01,1012
2024-07-16 15:58:02,1012
2024-07-16 15:58:03,1012
2024-07-16 15:58:04,1012
2024-07-16 15:58:05,1012
2024-07-16 15:58:06,1012
2024-07-16 15:58:07,1012
2024-07-16 15:58:08,1012
2024-07-16 15:58:09,1012
2024-07-16 15:58:10,1012
2024-07-16 15:58:11,1012
2024-07-16 15:58:12,1012
2024-07-16 15:58:13,1012
2024-07-16 15:58:14,1012
2024-07-16 15:58:15,1012
2024-07-16 15:58:16,1012
2024-07-16 15:58:17,1012
2024-07-16 15:58:18,1012
2024-07-16 15:58:19,1012
2024-07-16 15:58:20,1012
2024-07-16 15:58:21,1012
2024-07-16 15:58:22,1012
2024-07-16 15:58:23,1012
2024-07-16 15:58:24,1012
2024-07-16 15:58:25,1012
2024-07-16 15:58:26,1012
2024-07-16 15:58:27,1011
2024-07-16 15:58:28,1012
2024-07-16 15:58:29,1012
2024-07-16 15:58:30,1012
2024-07-16 15:58:31,1012
2024-07-16 15:58:32,1012
2024-07-16 15:58:33,1012
2024-07-16 15:58:34,1012
2024-07-16 15:58:35,1012
2024-07-16 15:58:36,1012
2024-07-16 15:58:37,1012
2024-07-16 15:58:38,1012
2024-07-16 15:58:39,1012
2024-07-16 15:58:40,1012
2024-07-16 15:58:41,1012
2024-07-16 15:58:42,1012
2024-07-16 15:58:43,1012
2024-07-16 15:58:44,1012
2024-07-16 15:58:45,1012
2024-07-16 15:58:46,1012
2024-07-16 15:58:47,1012
2024-07-16 15:58:48,1012
2024-07-16 15:58:49,1012
2024-07-16 15:58:50,1012
2024-07-16 15:58:51,1012
2024-07-16 15:58:52,1012
2024-07-16 15:58:53,1012
2024-07-16 15:58:54,1012
2024-07-16 15:58:55,1012
2024-07-16 15:58:56,1012
2024-07-16 15:58:57,1012
2024-07-16 15:58:58,1012
2024-07-16 15:58:59,1012
2024-07-16 15:59:01,1012
2024-07-16 15:59:02,1012
2024-07-16 15:59:03,1011
2024-07-16 15:59:04,1012
2024-07-16 15:59:05,1012
2024-07-16 15:59:06,1012
2024-07-16 15:59:07,1012
2024-07-16 15:59:08,1012
2024-07-16 15:59:09,1012
2024-07-16 15:59:10,1012
2024-07-16 15:59:11,1012
2024-07-16 15:59:12,1012
2024-07-16 15:59:13,1012
2024-07-16 15:59:14,1012
2024-07-16 15:59:15,1012
2024-07-16 15:59:16,1012
2024-07-16 15:59:17,1012
2024-07-16 15:59:18,1012
2024-07-16 15:59:19,1012
2024-07-16 15:59:20,1012
2024-07-16 15:59:21,1012
2024-07-16 15:59:22,1012
2024-07-16 15:59:23,1012
2024-07-16 15:59:24,1012
2024-07-16 15:59:25,1012
2024-07-16 15:59:26,1012
2024-07-16 15:59:27,1012
2024-07-16 15:59:28,1012
2024-07-16 15:59:29,1012
2024-07-16 15:59:30,1012
2024-07-16 15:59:31,1012
2024-07-16 15:59:32,1011
2024-07-16 15:59:33,1012
2024-07-16 15:59:34,1012
2024-07-16 15:59:35,1011
2024-07-16 15:59:36,1012
2024-07-16 15:59:37,1012
2024-07-16 15:59:38,1012
2024-07-16 15:59:39,1012
2024-07-16 15:59:40,1012
2024-07-16 15:59:41,1011
2024-07-16 15:59:42,1012
2024-07-16 15:59:43,1012
2024-07-16 15:59:44,1012
2024-07-16 15:59:45,1012
2024-07-16 15:59:46,1012
2024-07-16 15:59:47,1012
2024-07-16 15:59:48,1012
2024-07-16 15:59:49,1012
2024-07-16 15:59:50,1011
2024-07-16 15:59:51,1012
2024-07-16 15:59:52,1012
2024-07-16 15:59:53,1012
2024-07-16 15:59:54,1012
2024-07-16 15:59:55,1012
2024-07-16 15:59:56,1011
2024-07-16 15:59:57,1012
2024-07-16 15:59:58,1012
2024-07-16 15:59:59,1012
2024-07-16 16:00:00,1012
